ID,Category,Component,Component Display,Username / Identity,UID,Type,Tier,Purpose,Security Methods,Integrity Checks,Privileged Modifier Accounts,Privileged Modifier Controls,Access Methods,Authentication Mechanisms,Operations,Objects Controlled,Privilege Notes,Auth Log Path,Auth Log Signatures,Credential Modification Log Path,Anomaly Detection Method,SIEM auditID Filter Set,Vault-Integrated
AVI-APP-001,Account,avi,Avi Load Balancer,vcf-service-account,N/A,InterComponent,2,VCF platform service account used by the NSX-ALB EAS (Edge Automation Service) Kubernetes operator to authenticate with VCF Automation when enabling CCI (Container-based Cloud Infrastructure). Connects AVI/NSX-ALB load balancer provisioning to the VCF Automation platform plane.,"Bearer token / API key injected via Kubernetes Secret at operator deployment.; Credential not hardcoded in source, referenced as runtime config.",K8s Secret lifecycle manages credential rotation.,Kubernetes cluster-admin.,Rotate by updating the K8s Secret containing the credential.,"AVI-EAS operator pod, internal Kubernetes workload.",Bearer token (VCF Automation API).,VCF Automation API calls for AVI/NSX-ALB load balancer CCI integration.,VCF Automation API (AVI load balancer lifecycle).,Scope limited to AVI-EAS integration endpoints.,Kubernetes API server audit log (kube-apiserver audit policy),"verb:""create"",""resource"":""serviceaccounts""; ""verb"":""get"",""resource"":""secrets""; ""responseStatus"":{""code"":403}",Kubernetes API server audit log,Alert on unexpected ClusterRole/RoleBinding creation or modification involving this ServiceAccount. Monitor for secrets access from unexpected pods or namespaces. Kubernetes audit policy should capture all 'get/list/watch' on secrets resources.,"Not yet in VCF 9.1 audit standardization scope, monitor via component-native logs",No (platform-managed)
AVI-APP-002,Account,avi,Avi Load Balancer,admin,N/A,Application,1,"Primary application-level and OS administrative account for NSX Advanced Load Balancer (AVI / NSX ALB). Used for AVI Controller UI access, API configuration, and appliance management. Managed by SDDC Manager and VCF Operations Fleet Management in VCF 9.1.",Password managed by both SDDC Manager (PATCH /v1/credentials) and VCF Operations Fleet Management.; CyberArk vault integration supported.; Rotation via AVI POST /api/user-password/update + VCF Ops.,VCF Operations monitors status.; SDDC Manager tracks credential metadata.,"VCF Operations admin, SDDC Manager admin.",Password rotation via VCF Operations API and AVI native API (POST /api/user-password/update).,AVI Controller UI (HTTPS port 443).; AVI REST API (HTTPS port 443).; Appliance OS SSH (port 22).,Password auth via AVI Controller.; Bearer token for API access.,"Full AVI Controller application and OS administrative control.; Virtual service, pool, and certificate management.; Controller cluster configuration.",AVI virtual services and pool configurations.; SSL/TLS certificates.; Controller cluster nodes.,"Tier 1 Partial, admin (Application+OS combined account) is in VCF 9.1 GA vault integration scope.",,,VCF Operations audit log + AVI GET /api/user audit,Monitor AVI audit log for unexpected configuration changes or API calls.,"Not yet in VCF 9.1 audit standardization scope, monitor via component-native logs",Yes
AVI-SVC-001,Account,avi,Avi Load Balancer,svc-<alb-short>-<vcenter-vm>@<sso-domain>,N/A,InterComponent,2,"Inter-component service account created by vCenter Server (via SDDC Manager) for AVI/NSX-ALB to vCenter Server integration. Enables AVI Controller to manage vSphere resources (VMs, networks) for load balancer provisioning. OAuth migration planned for a future release.",Username/password credentials in VCF 9.1; managed by SDDC Manager credential lifecycle. OAuth 2.0 migration planned for a future release.,SDDC Manager tracks credential state.; Account name follows deterministic pattern: svc-<alb-short>-<vcenter-vm>@<sso-domain>.,"SDDC Manager, vCenter administrator.",SDDC Manager manages lifecycle; credential rotation tied to SDDC Manager orchestration.,"Internal, AVI Controller to vCenter Server API (HTTPS port 443).",Username/password (token-based in a future release).,"AVI Controller to vCenter: read VM/network inventory, create/delete VMs for service engines.",vCenter VMs and networks for AVI service engines.,Tier 2 inter-component. Not externally accessible. OAuth migration planned for a future release.,,,SDDC Manager audit log + vCenter audit,Monitor for unexpected vCenter operations (VM create/delete) by this service account.,"Not yet in VCF 9.1 audit standardization scope, monitor via component-native logs",No (platform-managed)
AVI-SVC-002,Account,avi,Avi Load Balancer,svc-<alb-hostname>-<nsx-hostname>,N/A,InterComponent,2,Inter-component service account created by SDDC Manager for AVI/NSX-ALB to NSX Manager integration. Enables AVI Controller to program NSX overlay network segments and security groups for load balancer data plane connectivity.,Username/password credentials in VCF 9.1; managed by SDDC Manager credential lifecycle.,SDDC Manager tracks credential state.; Account name follows deterministic pattern: svc-<alb-hostname>-<nsx-hostname>.,SDDC Manager.,SDDC Manager manages lifecycle.,"Internal, AVI Controller to NSX Manager API (HTTPS port 443).",Username/password.,"AVI Controller to NSX: program overlay segments, security groups for load balancer data path.",NSX overlay segments and security groups.,Tier 2 inter-component. Not externally accessible.,,,SDDC Manager audit log + NSX audit,Monitor for unexpected NSX segment/group modifications by this service account.,"Not yet in VCF 9.1 audit standardization scope, monitor via component-native logs",No (platform-managed)
ESXI-OS-001,Account,esxi,VMware ESX,root,0,OS,1,"Primary OS administrative account for the ESXi hypervisor. Used by SDDC Manager and VCF Operations for automated lifecycle management (upgrades, patches, host commissioning). Also used for direct SSH access by administrators.",Password managed by VCF Operations Fleet Management Engine (stateless passthrough).; CyberArk vault integration supported in VCF 9.1.; Password rotation enforced via SDDC Manager (manual) or VCF Operations (automated).,"VCF Operations monitors account status via non-sensitive lifecycle metadata: ACTIVE, EXPIRING, EXPIRED, UNKNOWN.; SDDC Manager stores a reference copy; disconnection (DISCONNECTED status) detected when local password drifts from stored value.; Fleet Password Policy compliance state tracked: COMPLIANT, NON_COMPLIANT, FAILED.","Any account with root SSH access to ESXi, users with ESXi DCUI access, SDDC Manager service account (svc-vcf-ESX-hostname), VCF Operations fleet management API (admin).",VCF Operations admin account can trigger password rotation via Fleet Management API. CyberArk vault administrator can modify vault-managed credentials. Administrators must NOT modify root password locally (bypassing VCF Operations) as this breaks SDDC Manager orchestration (causes HTTP 401 during lifecycle operations).,"SSH (port 22), requires direct network access to ESXi management network.; ESXi DCUI (Direct Console User Interface), physical or IPMI/iDRAC console.; VCF Operations Fleet Management API, programmatic password update/query only.",Password authentication (managed by VCF Operations / CyberArk).; SSH key authentication (if configured by administrator).; VCF Operations API uses opstoken or Bearer token for API authentication; root password itself is passed securely to ESXi via Fleet Management passthrough.,"Full ESXi hypervisor administrative control.; Virtual machine configuration and lifecycle management.; Network adapter and vSwitch configuration.; Storage adapter and datastore management.; Host-level security configuration (firewall, lockdown mode).; Service (hostd, vpxa, etc.) start/stop/restart.; Certificate management.","All ESXi file system paths (/, /etc, /var, /vmfs).; VMX and VMDK configuration files.; ESXi configuration files (/etc/vmware/hostd/config.xml).; All running VMs on the host.; Physical network adapters (vmnic).; Storage HBAs and iSCSI initiators.",,/var/log/auth.log,Accepted password for root; Failed password for root,/var/log/auth.log,Monitor for authentication failures and logins from unexpected source IPs.,ssh.connect; ssh.session.begin; ssh.session.end; dcui.login; dcui.logout; vim.connect; vim.disconnect; service.access.denied; mfa.enable; mfa.disable; account.changepassword; account.create; account.locked; authentication.login; authentication.logout,Yes
GLCM-SAL-INV-001,Account,glcm-salt,GLCM / SaltStack / MOPS,svc-fleetlcm-k8s-sa,N/A,K8s-ServiceAccount,3,"Used by Fleet LCM build service + upgrade service pods to connect to K8s API server (pod scheduling, config, secrets)",Credential stored in: K8s RBAC token (auto-mounted),,,,Accessed by: Fleet LCM build service + upgrade service pods,K8s RBAC token (auto-mounted),"Unknown, RoleBinding target not found in this repo","Connects to: K8s API server (pod scheduling, config, secrets)",,Kubernetes API server audit log (kube-apiserver audit policy),"verb:""create"",""resource"":""serviceaccounts""; ""verb"":""get"",""resource"":""secrets""; ""responseStatus"":{""code"":403}",Kubernetes API server audit log,Alert on unexpected ClusterRole/RoleBinding creation or modification involving this ServiceAccount. Monitor for secrets access from unexpected pods or namespaces. Kubernetes audit policy should capture all 'get/list/watch' on secrets resources.,"serviceaccounts.create; serviceaccounts.patch; secrets.create; secrets.delete; tokenreviews.create; clusterrolebindings.patch; rolebindings.patch; subjectaccessreviews.create [Kubernetes API server audit log, filter on verb+resource+responseStatus]",No (container-native)
GLCM-SAL-INV-002,Account,glcm-salt,GLCM / SaltStack / MOPS,svc-sddclcm-k8s-sa,N/A,K8s-ServiceAccount,3,Used by SDDC LCM build service + upgrade service pods to connect to K8s API server,Credential stored in: K8s RBAC token (auto-mounted),,,,Accessed by: SDDC LCM build service + upgrade service pods,K8s RBAC token (auto-mounted),"Unknown, RoleBinding target not found in this repo",Connects to: K8s API server,,Kubernetes API server audit log (kube-apiserver audit policy),"verb:""create"",""resource"":""serviceaccounts""; ""verb"":""get"",""resource"":""secrets""; ""responseStatus"":{""code"":403}",Kubernetes API server audit log,Alert on unexpected ClusterRole/RoleBinding creation or modification involving this ServiceAccount. Monitor for secrets access from unexpected pods or namespaces. Kubernetes audit policy should capture all 'get/list/watch' on secrets resources.,"serviceaccounts.create; serviceaccounts.patch; secrets.create; secrets.delete; tokenreviews.create; clusterrolebindings.patch; rolebindings.patch; subjectaccessreviews.create [Kubernetes API server audit log, filter on verb+resource+responseStatus]",No (container-native)
GLCM-SAL-INV-003,Account,glcm-salt,GLCM / SaltStack / MOPS,depot-service-service-account,N/A,K8s-ServiceAccount,3,"Used by Depot service pods to connect to K8s API (secrets for depot credentials, configmaps)",Credential stored in: K8s RBAC token,,,,Accessed by: Depot service pods,K8s RBAC token,Defined in depot-service-config/charts/.../rbac/,"Connects to: K8s API (secrets for depot credentials, configmaps)",,Kubernetes API server audit log (kube-apiserver audit policy),"verb:""create"",""resource"":""serviceaccounts""; ""verb"":""get"",""resource"":""secrets""; ""responseStatus"":{""code"":403}",Kubernetes API server audit log,Alert on unexpected ClusterRole/RoleBinding creation or modification involving this ServiceAccount. Monitor for secrets access from unexpected pods or namespaces. Kubernetes audit policy should capture all 'get/list/watch' on secrets resources.,"serviceaccounts.create; serviceaccounts.patch; secrets.create; secrets.delete; tokenreviews.create; clusterrolebindings.patch; rolebindings.patch; subjectaccessreviews.create [Kubernetes API server audit log, filter on verb+resource+responseStatus]",No (container-native)
GLCM-SAL-INV-004,Account,glcm-salt,GLCM / SaltStack / MOPS,distribution-service-service-account,N/A,K8s-ServiceAccount,3,Used by Distribution service pods to connect to K8s API,Credential stored in: K8s RBAC token,,,,Accessed by: Distribution service pods,K8s RBAC token,Defined in distribution-service/templates/rbac/,Connects to: K8s API,,Kubernetes API server audit log (kube-apiserver audit policy),"verb:""create"",""resource"":""serviceaccounts""; ""verb"":""get"",""resource"":""secrets""; ""responseStatus"":{""code"":403}",Kubernetes API server audit log,Alert on unexpected ClusterRole/RoleBinding creation or modification involving this ServiceAccount. Monitor for secrets access from unexpected pods or namespaces. Kubernetes audit policy should capture all 'get/list/watch' on secrets resources.,"serviceaccounts.create; serviceaccounts.patch; secrets.create; secrets.delete; tokenreviews.create; clusterrolebindings.patch; rolebindings.patch; subjectaccessreviews.create [Kubernetes API server audit log, filter on verb+resource+responseStatus]",No (container-native)
GLCM-SAL-INV-005,Account,glcm-salt,GLCM / SaltStack / MOPS,lcm-depot-auth,N/A,Application,2,Used by LCM depot authentication module to connect to eapi.broadcom.com/downloads/generateArtifactToken,Credential stored in: Spring @Value from ConfigMap/Secret,,,,Accessed by: LCM depot authentication module,Spring @Value from ConfigMap/Secret,Download token generation,Connects to: eapi.broadcom.com/downloads/generateArtifactToken,,Component-specific application log,,,Monitor application logs for authentication failures and unauthorized access.,serviceaccounts.create; serviceaccounts.patch; secrets.create; secrets.delete; tokenreviews.create; clusterrolebindings.patch; rolebindings.patch; subjectaccessreviews.create,No (platform-managed)
GLCM-SAL-INV-006,Account,glcm-salt,GLCM / SaltStack / MOPS,depot-service,N/A,Application,2,Used by Depot service to connect to eapi.broadcom.com/vcf/generateToken,Credential stored in: Helm values / Secret,,,,Accessed by: Depot service,Helm values / Secret,OAuth bearer token for depot downloads,Connects to: eapi.broadcom.com/vcf/generateToken,,Component-specific application log,,,Monitor application logs for authentication failures and unauthorized access.,serviceaccounts.create; serviceaccounts.patch; secrets.create; secrets.delete; tokenreviews.create; clusterrolebindings.patch; rolebindings.patch; subjectaccessreviews.create,No (platform-managed)
GLCM-SAL-INV-007,Account,glcm-salt,GLCM / SaltStack / MOPS,vxrail-sso-client,N/A,Application,2,Used by VxRail Depot Downloader to connect to sso.emc.com/sso/login.htm?CTAuthMode=BASIC,Credential stored in: Spring @Value from application config,,,,Accessed by: VxRail Depot Downloader,Spring @Value from application config,VxRail legacy bundle access,Connects to: sso.emc.com/sso/login.htm?CTAuthMode=BASIC,,Component-specific application log,,,Monitor application logs for authentication failures and unauthorized access.,serviceaccounts.create; serviceaccounts.patch; secrets.create; secrets.delete; tokenreviews.create; clusterrolebindings.patch; rolebindings.patch; subjectaccessreviews.create,No (platform-managed)
GLCM-SAL-INV-008,Account,sddc-manager,GLCM / SaltStack / MOPS,sddc-manager-ui-session,N/A,Application,2,Used by SDDC Manager UI BFF server to connect to vCenter SAML via vsphere.local SSO,Static session secret compiled into the SDDC Manager UI backend configuration. Not rotatable by the customer and not managed by fleet password management.,,,,Accessed by: SDDC Manager UI BFF server,Static shared secret.,Session-level auth after vSphere SSO,Connects to: vCenter SAML via vsphere.local SSO,,Component-specific application log,,,Monitor application logs for authentication failures and unauthorized access.,account.login; account.login.failed; account.locked; account.changepassword; credential.update; passwordpolicy.update,No (platform-managed)
GLCM-SAL-INV-009,Account,sddc-manager,GLCM / SaltStack / MOPS,sddc-manager-db-user,N/A,Application,2,Used by SDDC Manager UI BFF server to connect to Local PostgreSQL,Static credential compiled into the SDDC Manager UI backend configuration. Not rotatable by the customer and not managed by fleet password management.,,,,Accessed by: SDDC Manager UI BFF server,Username and password against the local PostgreSQL instance.,DB read/write for UI session/state,Connects to: Local PostgreSQL,,Component-specific application log,,,Monitor application logs for authentication failures and unauthorized access.,account.login; account.login.failed; account.locked; account.changepassword; credential.update; passwordpolicy.update,No (platform-managed)
GLCM-SEC-001,Object,glcm-salt,GLCM / SaltStack / MOPS,glcm-sos-truststore,N/A,Trust store,,Used by glcm-sos diagnostics framework to connect to Local trust store,"Java trust store protected by the shipped default password, unchanged from the JDK default. Not rotatable by the customer and not managed by fleet password management.",,,,Accessed by: glcm-sos diagnostics framework,Trust store password.,TLS certificate validation,Connects to: Local trust store,,Component-specific application log,,,Monitor application logs for authentication failures and unauthorized access.,serviceaccounts.create; serviceaccounts.patch; secrets.create; secrets.delete; tokenreviews.create; clusterrolebindings.patch; rolebindings.patch; subjectaccessreviews.create,Not applicable
GLCM-SAL-INV-010,Account,esxi,GLCM / SaltStack / MOPS,esxi-service-accounts,N/A,InterComponent,2,Used by SDDC Manager host manager to connect to ESXi hosts (SSH/vSphere API),Credential stored in: vCenter credential store,,,,Accessed by: SDDC Manager host manager,vCenter credential store,Host lifecycle management (commission/decommission),Connects to: ESXi hosts (SSH/vSphere API),,,,,,ssh.connect; ssh.session.begin; ssh.session.end; dcui.login; dcui.logout; vim.connect; vim.disconnect; service.access.denied; mfa.enable; mfa.disable; account.changepassword; account.create; account.locked; authentication.login; authentication.logout,No (platform-managed)
GLCM-SAL-INV-011,Account,vcenter,GLCM / SaltStack / MOPS,vcenter-service-account,N/A,InterComponent,2,Used by LCM precheck agent to connect to vCenter Server API,Credential stored in: vCenter credential store,,,,Accessed by: LCM precheck agent,vCenter credential store,LCM precheck operations (upgrade readiness),Connects to: vCenter Server API,,,,,,authentication.login; authentication.logout; account.create; account.delete; account.edit; account.locked; account.changepassword; passwordpolicy.update,No (platform-managed)
GLCM-SAL-INV-012,Account,vcf-ops,GLCM / SaltStack / MOPS,vcf-ops-logs-sa,N/A,K8s-ServiceAccount,3,Used by ops-logs StatefulSet to connect to K8s API (pods: get/list),Credential stored in: K8s RBAC,,,,Accessed by: ops-logs StatefulSet,K8s RBAC,"Role: pod-reader-, pods: get; list (namespace-scoped)",Connects to: K8s API (pods: get/list),,Kubernetes API server audit log (kube-apiserver audit policy),"verb:""create"",""resource"":""serviceaccounts""; ""verb"":""get"",""resource"":""secrets""; ""responseStatus"":{""code"":403}",Kubernetes API server audit log,Alert on unexpected ClusterRole/RoleBinding creation or modification involving this ServiceAccount. Monitor for secrets access from unexpected pods or namespaces. Kubernetes audit policy should capture all 'get/list/watch' on secrets resources.,authentication.login; authentication.logout; authentication.impersonate; user.create; user.update; user.delete; user.enable; user.disable; user_password.change; credential.create; credential.update; credential.delete; vcf_password_management.update_password; vcf_password_management.remediate_password; vcf_role_assignment.create; vcf_role_assignment.delete; role.create; role.update; role.delete; sso.create; sso.update; sso.delete; password_policy.update,No (container-native)
GLCM-SAL-INV-013,Account,vcf-ops,GLCM / SaltStack / MOPS,opslogs-client,N/A,K8s-ServiceAccount,3,Used by ops-logs gateway to connect to VMSP identity federation,Credential stored in: VMSP token store,,,,Accessed by: ops-logs gateway,VMSP token store,clientName: opslogs-client; accessTokenTTL: 14400 (4 h),Connects to: VMSP identity federation,,Kubernetes API server audit log (kube-apiserver audit policy),"verb:""create"",""resource"":""serviceaccounts""; ""verb"":""get"",""resource"":""secrets""; ""responseStatus"":{""code"":403}",Kubernetes API server audit log,Alert on unexpected ClusterRole/RoleBinding creation or modification involving this ServiceAccount. Monitor for secrets access from unexpected pods or namespaces. Kubernetes audit policy should capture all 'get/list/watch' on secrets resources.,authentication.login; authentication.logout; authentication.impersonate; user.create; user.update; user.delete; user.enable; user.disable; user_password.change; credential.create; credential.update; credential.delete; vcf_password_management.update_password; vcf_password_management.remediate_password; vcf_role_assignment.create; vcf_role_assignment.delete; role.create; role.update; role.delete; sso.create; sso.update; sso.delete; password_policy.update,No (container-native)
GLCM-SAL-INV-014,Account,glcm-salt,GLCM / SaltStack / MOPS,component-manager,N/A,K8s-ServiceAccount,3,Used by ops-logs backup/restore Argo workflows to connect to K8s API (workflow management),Credential stored in: K8s RBAC,,,,Accessed by: ops-logs backup/restore Argo workflows,K8s RBAC,Provided by platform (component-manager role),Connects to: K8s API (workflow management),,Kubernetes API server audit log (kube-apiserver audit policy),"verb:""create"",""resource"":""serviceaccounts""; ""verb"":""get"",""resource"":""secrets""; ""responseStatus"":{""code"":403}",Kubernetes API server audit log,Alert on unexpected ClusterRole/RoleBinding creation or modification involving this ServiceAccount. Monitor for secrets access from unexpected pods or namespaces. Kubernetes audit policy should capture all 'get/list/watch' on secrets resources.,"serviceaccounts.create; serviceaccounts.patch; secrets.create; secrets.delete; tokenreviews.create; clusterrolebindings.patch; rolebindings.patch; subjectaccessreviews.create [Kubernetes API server audit log, filter on verb+resource+responseStatus]",No (container-native)
GLCM-SAL-INV-015,Account,glcm-salt,GLCM / SaltStack / MOPS,component-argo-workflow,N/A,K8s-ServiceAccount,3,Used by ops-logs upgrade pre-check Argo workflow to connect to Argo Workflow engine,Credential stored in: K8s RBAC,,,,Accessed by: ops-logs upgrade pre-check Argo workflow,K8s RBAC,Provided by platform,Connects to: Argo Workflow engine,,Kubernetes API server audit log (kube-apiserver audit policy),"verb:""create"",""resource"":""serviceaccounts""; ""verb"":""get"",""resource"":""secrets""; ""responseStatus"":{""code"":403}",Kubernetes API server audit log,Alert on unexpected ClusterRole/RoleBinding creation or modification involving this ServiceAccount. Monitor for secrets access from unexpected pods or namespaces. Kubernetes audit policy should capture all 'get/list/watch' on secrets resources.,"serviceaccounts.create; serviceaccounts.patch; secrets.create; secrets.delete; tokenreviews.create; clusterrolebindings.patch; rolebindings.patch; subjectaccessreviews.create [Kubernetes API server audit log, filter on verb+resource+responseStatus]",No (container-native)
GLCM-SAL-INV-016,Account,vcf-ops,GLCM / SaltStack / MOPS,log-store-sa,N/A,K8s-ServiceAccount,3,Used by ops-logs log store to connect to Log storage backend,Credential stored in: K8s RBAC,,,,Accessed by: ops-logs log store,K8s RBAC,Value from Helm; permissions TBD,Connects to: Log storage backend,,Kubernetes API server audit log (kube-apiserver audit policy),"verb:""create"",""resource"":""serviceaccounts""; ""verb"":""get"",""resource"":""secrets""; ""responseStatus"":{""code"":403}",Kubernetes API server audit log,Alert on unexpected ClusterRole/RoleBinding creation or modification involving this ServiceAccount. Monitor for secrets access from unexpected pods or namespaces. Kubernetes audit policy should capture all 'get/list/watch' on secrets resources.,authentication.login; authentication.logout; authentication.impersonate; user.create; user.update; user.delete; user.enable; user.disable; user_password.change; credential.create; credential.update; credential.delete; vcf_password_management.update_password; vcf_password_management.remediate_password; vcf_role_assignment.create; vcf_role_assignment.delete; role.create; role.update; role.delete; sso.create; sso.update; sso.delete; password_policy.update,No (container-native)
GLCM-SAL-INV-017,Account,glcm-salt,GLCM / SaltStack / MOPS,lcc-service-account,N/A,K8s-ServiceAccount,3,Used by Lifecycle Controller (LCC) to connect to K8s API server,Credential stored in: K8s RBAC,,,,Accessed by: Lifecycle Controller (LCC),K8s RBAC,ClusterRole: nodes: list; endpoints: get; pods: delete; pods/exec: create; secrets: get/list/create/delete/update; configmaps: update/patch/create/delete; deployments: get/update/patch/delete/create; replicasets: list; ingresses: get/update/patch/delete/create; services: update/delete/create; jobs: get/list/delete/create; customresourcedefinitions: get/list/watch; vaconfigs: get/list/watch/patch/update,Connects to: K8s API server,,Kubernetes API server audit log (kube-apiserver audit policy),"verb:""create"",""resource"":""serviceaccounts""; ""verb"":""get"",""resource"":""secrets""; ""responseStatus"":{""code"":403}",Kubernetes API server audit log,Alert on unexpected ClusterRole/RoleBinding creation or modification involving this ServiceAccount. Monitor for secrets access from unexpected pods or namespaces. Kubernetes audit policy should capture all 'get/list/watch' on secrets resources.,"serviceaccounts.create; serviceaccounts.patch; secrets.create; secrets.delete; tokenreviews.create; clusterrolebindings.patch; rolebindings.patch; subjectaccessreviews.create [Kubernetes API server audit log, filter on verb+resource+responseStatus]",No (container-native)
GLCM-SAL-INV-018,Account,glcm-salt,GLCM / SaltStack / MOPS,coredns,N/A,K8s-ServiceAccount,3,Used by CoreDNS daemonset to connect to K8s API (DNS config),Credential stored in: K8s RBAC,,,,Accessed by: CoreDNS daemonset,K8s RBAC,ClusterRole: standard CoreDNS permissions (endpoints; services; pods read; configmaps get),Connects to: K8s API (DNS config),,Kubernetes API server audit log (kube-apiserver audit policy),"verb:""create"",""resource"":""serviceaccounts""; ""verb"":""get"",""resource"":""secrets""; ""responseStatus"":{""code"":403}",Kubernetes API server audit log,Alert on unexpected ClusterRole/RoleBinding creation or modification involving this ServiceAccount. Monitor for secrets access from unexpected pods or namespaces. Kubernetes audit policy should capture all 'get/list/watch' on secrets resources.,"serviceaccounts.create; serviceaccounts.patch; secrets.create; secrets.delete; tokenreviews.create; clusterrolebindings.patch; rolebindings.patch; subjectaccessreviews.create [Kubernetes API server audit log, filter on verb+resource+responseStatus]",No (container-native)
GLCM-SAL-INV-019,Account,glcm-salt,GLCM / SaltStack / MOPS,contour,N/A,K8s-ServiceAccount,3,Used by Contour ingress controller to connect to K8s API (ingress/route objects),Credential stored in: K8s RBAC,,,,Accessed by: Contour ingress controller,K8s RBAC,ClusterRole: configmaps create/get/update; endpoints/namespaces/services/pods get/list/watch; ingress/route objects management,Connects to: K8s API (ingress/route objects),,Kubernetes API server audit log (kube-apiserver audit policy),"verb:""create"",""resource"":""serviceaccounts""; ""verb"":""get"",""resource"":""secrets""; ""responseStatus"":{""code"":403}",Kubernetes API server audit log,Alert on unexpected ClusterRole/RoleBinding creation or modification involving this ServiceAccount. Monitor for secrets access from unexpected pods or namespaces. Kubernetes audit policy should capture all 'get/list/watch' on secrets resources.,"serviceaccounts.create; serviceaccounts.patch; secrets.create; secrets.delete; tokenreviews.create; clusterrolebindings.patch; rolebindings.patch; subjectaccessreviews.create [Kubernetes API server audit log, filter on verb+resource+responseStatus]",No (container-native)
GLCM-SAL-INV-020,Account,glcm-salt,GLCM / SaltStack / MOPS,envoy,N/A,K8s-ServiceAccount,3,Used by Envoy DaemonSet/Deployment to connect to Contour xDS API,Credential stored in: K8s RBAC,,,,Accessed by: Envoy DaemonSet/Deployment,K8s RBAC,ClusterRole bound from Contour certgen RBAC,Connects to: Contour xDS API,,Kubernetes API server audit log (kube-apiserver audit policy),"verb:""create"",""resource"":""serviceaccounts""; ""verb"":""get"",""resource"":""secrets""; ""responseStatus"":{""code"":403}",Kubernetes API server audit log,Alert on unexpected ClusterRole/RoleBinding creation or modification involving this ServiceAccount. Monitor for secrets access from unexpected pods or namespaces. Kubernetes audit policy should capture all 'get/list/watch' on secrets resources.,"serviceaccounts.create; serviceaccounts.patch; secrets.create; secrets.delete; tokenreviews.create; clusterrolebindings.patch; rolebindings.patch; subjectaccessreviews.create [Kubernetes API server audit log, filter on verb+resource+responseStatus]",No (container-native)
GLCM-SAL-INV-021,Account,glcm-salt,GLCM / SaltStack / MOPS,contour-certgen,N/A,K8s-ServiceAccount,3,Used by Contour cert generation job to connect to K8s API (secrets: create/get/update/delete for TLS certs),Credential stored in: K8s RBAC,,,,Accessed by: Contour cert generation job,K8s RBAC,Namespace-scoped secrets management,Connects to: K8s API (secrets: create/get/update/delete for TLS certs),,Kubernetes API server audit log (kube-apiserver audit policy),"verb:""create"",""resource"":""serviceaccounts""; ""verb"":""get"",""resource"":""secrets""; ""responseStatus"":{""code"":403}",Kubernetes API server audit log,Alert on unexpected ClusterRole/RoleBinding creation or modification involving this ServiceAccount. Monitor for secrets access from unexpected pods or namespaces. Kubernetes audit policy should capture all 'get/list/watch' on secrets resources.,"serviceaccounts.create; serviceaccounts.patch; secrets.create; secrets.delete; tokenreviews.create; clusterrolebindings.patch; rolebindings.patch; subjectaccessreviews.create [Kubernetes API server audit log, filter on verb+resource+responseStatus]",No (container-native)
GLCM-SAL-INV-022,Account,glcm-salt,GLCM / SaltStack / MOPS,lcc-service-account,N/A,K8s-ServiceAccount,3,Used by CRD management tooling to connect to K8s API (CRD management),Credential stored in: K8s RBAC,,,,Accessed by: CRD management tooling,K8s RBAC,See SA-07; same ClusterRole reused,Connects to: K8s API (CRD management),,Kubernetes API server audit log (kube-apiserver audit policy),"verb:""create"",""resource"":""serviceaccounts""; ""verb"":""get"",""resource"":""secrets""; ""responseStatus"":{""code"":403}",Kubernetes API server audit log,Alert on unexpected ClusterRole/RoleBinding creation or modification involving this ServiceAccount. Monitor for secrets access from unexpected pods or namespaces. Kubernetes audit policy should capture all 'get/list/watch' on secrets resources.,"serviceaccounts.create; serviceaccounts.patch; secrets.create; secrets.delete; tokenreviews.create; clusterrolebindings.patch; rolebindings.patch; subjectaccessreviews.create [Kubernetes API server audit log, filter on verb+resource+responseStatus]",No (container-native)
GLCM-SEC-003,Object,vcf-automation,GLCM / SaltStack / MOPS,Telemetry ConfigMap identity,N/A,Kubernetes ConfigMap,,Used by vRO CEIP/telemetry subsystem to connect to Telemetry endpoint (telemetry-config ConfigMap),Credential stored in: K8s ConfigMap,,,,Accessed by: vRO CEIP/telemetry subsystem,K8s ConfigMap,Read-only access to ConfigMap value,Connects to: Telemetry endpoint (telemetry-config ConfigMap),,Kubernetes API server audit log (kube-apiserver audit policy),"verb:""create"",""resource"":""serviceaccounts""; ""verb"":""get"",""resource"":""secrets""; ""responseStatus"":{""code"":403}",Kubernetes API server audit log,Alert on unexpected ClusterRole/RoleBinding creation or modification involving this ServiceAccount. Monitor for secrets access from unexpected pods or namespaces. Kubernetes audit policy should capture all 'get/list/watch' on secrets resources.,"serviceaccounts.create; serviceaccounts.patch; secrets.create; secrets.delete; tokenreviews.create; clusterrolebindings.patch; rolebindings.patch; subjectaccessreviews.create [Kubernetes API server audit log, filter on verb+resource+responseStatus]",Not applicable
GLCM-SEC-002,Object,glcm-salt,GLCM / SaltStack / MOPS,registry-secret,N/A,Kubernetes Secret,,"Used by vco-app, scripting-runtime to connect to Container registry 127.0.0.1:5000 (local registry in cadenza cluster)",Credential stored in: K8s Secret,,,,"Accessed by: vco-app, scripting-runtime",Kubernetes Secret,Pull images from local registry,Connects to: Container registry 127.0.0.1:5000 (local registry in cadenza cluster),,Kubernetes API server audit log (kube-apiserver audit policy),"verb:""create"",""resource"":""serviceaccounts""; ""verb"":""get"",""resource"":""secrets""; ""responseStatus"":{""code"":403}",Kubernetes API server audit log,Alert on unexpected ClusterRole/RoleBinding creation or modification involving this ServiceAccount. Monitor for secrets access from unexpected pods or namespaces. Kubernetes audit policy should capture all 'get/list/watch' on secrets resources.,"serviceaccounts.create; serviceaccounts.patch; secrets.create; secrets.delete; tokenreviews.create; clusterrolebindings.patch; rolebindings.patch; subjectaccessreviews.create [Kubernetes API server audit log, filter on verb+resource+responseStatus]",Not applicable
HARBOR-SEC-001,Object,harbor,Harbor Container Registry,manager-role,N/A,RBAC role,,Used by Harbor operator controller to connect to Kubernetes API,Credential stored in: In-cluster token,,,,Accessed by: Harbor operator controller,In-cluster token,"Scope TBD, depends on controller-gen output from api/v1alpha1/ types",Connects to: Kubernetes API,,,,,,serviceaccounts.create; serviceaccounts.patch; secrets.create; secrets.delete; tokenreviews.create; clusterrolebindings.patch; rolebindings.patch; subjectaccessreviews.create,Not applicable
HCX-OS-002,Account,hcx,VMware HCX,backup,System-assigned,OS,1,HCX appliance OS backup user. Present in component management audit logging. Restricted shell or no-login account used for backup operations on the HCX appliance.,"Account created by appliance image build, locked by default.; Fleet Password Policy integration pending verification.",File integrity monitoring via HCX appliance OS hardening.,"root, HCX appliance admin.",Appliance re-image or HCX upgrade replaces account configuration.,"Local console or SSH (if enabled), appliance-internal only.","Password-based (PAM), Fleet Policy controlled in 9.1.",Backup file read/write on appliance.,HCX appliance local filesystem.,"Appliance OS-level account, standard hardened appliance pattern.",/var/log/auth.log (HCX appliance OS),backup login; su - backup,Fleet Password Policy audit log,Alert on unexpected backup account logins or privilege escalation.,"Not yet in VCF 9.1 audit standardization scope, monitor via component-native logs",No (manual lifecycle)
HCX-SVC-001,Account,hcx,VMware HCX,vpxuser,N/A,InterComponent,2,"vCenter Server vSphere API service account created by HCX when registering with vCenter. Used by HCX Migration Service to access vCenter inventory, provision shadow VMs, and manage network mappings.",vSphere SSO session-based credential generated and managed natively by HCX on vCenter registration. Never stored in source code; rotated on re-registration events.,Managed natively inside HCX configuration engine on automated internal loops.,"vCenter SSO administrator, HCX Manager admin",Deregister and re-register vCenter in HCX Manager UI to trigger rotation.,Internal HCX Migration Service pod to vCenter API (HTTPS port 443).,vSphere API session token / username-password.,"vCenter inventory read (VMs, networks, datastores), shadow VM provisioning, network mapping for migration.",vCenter inventory objects within the registered datacenter scope.,Tier 2 inter-component. Least-privilege migration scope.,/opt/vmware/hcx/logs/app/app.log,vpxuser login; vpxuser API session,/opt/vmware/hcx/logs/admin/audit.log,Monitor vCenter event log for vpxuser auth failures from unexpected source IPs.,vpxd.log; session.create; session.destroy,No (platform-managed)
HCX-OS-001,Account,hcx,VMware HCX,root,0,OS,1,Primary OS administrative account for the HCX appliance. Used for appliance-level SSH access and OS operations. Fully managed by VCF Operations Fleet Management and CyberArk in VCF 9.1 via HCX PUT /system/users/accounts.,Password managed by VCF Operations Fleet Management Engine.; CyberArk vault integration supported.; Rotation via HCX PUT /system/users/accounts + VCF Ops.,VCF Operations monitors status.,VCF Operations admin.,Password rotation via VCF Operations and HCX native API.,"SSH (port 22), HCX management network.",Password auth (VCF Ops managed).,Full HCX appliance OS administrative control.; HCX service management.,HCX appliance OS file system.; HCX migration and interconnect service processes.,"Tier 1 Partial, root and admin are in HCX vault integration scope in VCF 9.1 GA.",/var/log/auth.log,Accepted password for root,VCF Operations audit log,Monitor for authentication failures and logins from unexpected source IPs.,"Not yet in VCF 9.1 audit standardization scope, monitor via component-native logs",Yes
HCX-APP-001,Account,hcx,VMware HCX,admin,N/A,Application,1,"Primary application-level administrative account for HCX. Used for HCX UI access, migration configuration, and appliance management. Fully managed by VCF Operations Fleet Management and CyberArk in VCF 9.1.",Password managed by VCF Operations Fleet Management Engine.; CyberArk vault integration supported.; Rotation via HCX API + VCF Ops.; Multi-factor authentication configurable.,VCF Operations monitors status.,VCF Operations admin.,Password rotation via VCF Operations Fleet Management and HCX native API.,HCX Manager UI (HTTPS port 443).; HCX REST API (HTTPS port 443).,Password auth via HCX Manager.; Bearer token for API access.,"Full HCX application administrative control.; Migration configuration, scheduling, and monitoring.; Network extension and interconnect management.",HCX migration configuration objects.; Network extension configurations.; Interconnect service policies.,"Tier 1 Partial, in scope for VCF 9.1 GA HCX vault integration.",,,VCF Operations audit log,Monitor HCX audit log for unexpected configuration changes.,"Not yet in VCF 9.1 audit standardization scope, monitor via component-native logs",Yes
NSX-GM-OS-001,Account,nsx-gm,NSX Global Manager,root,0,OS,1,Primary OS administrative account for the NSX Global Manager appliance. Used for SSH access and appliance-level management. NSX Global Manager provides cross-site centralized management in multi-site NSX deployments.,NOT managed by VCF Operations or SDDC Manager in VCF 9.1.; Password must be managed manually using native NSX Global Manager API.; NSX API: POST /api/v1/node/users/{username}?action=change_password,No automated monitoring via VCF Operations. Manual tracking required.; Recommend establishing an external password rotation schedule.,Any user with root SSH access or NSX Global Manager admin API access.,No centralized control via VCF platform. Direct appliance access required.,SSH (port 22) to NSX Global Manager appliance.; NSX API (HTTPS port 443).; NSX Manager UI (HTTPS port 443).,Password authentication.; NSX API session token.,Full NSX Global Manager OS administrative access.; NSX Global Manager appliance configuration.; Cross-site NSX policy management (via admin account).,NSX Global Manager OS file system.; NSX Global Manager configuration and certificates.; NSX log files.,NSX Global Manager is explicitly excluded from VCF Operations Fleet Management in VCF 9.1. No automated lifecycle management.,/var/log/auth.log (NSX appliance),Accepted password for root from; Failed password for root from; Accepted password for admin from; Failed password for admin from,/var/log/vmware/nsx/nsxd.log,Alert on repeated failed SSH authentication. Monitor for root/admin login events from unexpected source IPs. NSX syslog forwarding to SIEM is configurable under System > Fabric > Syslog.,session.create; session.destroy; user.create; user.delete; role.create; role.update,No (manual lifecycle)
NSX-GM-APP-001,Account,nsx-gm,NSX Global Manager,admin,N/A,Application,1,Primary application-level administrative account for NSX Global Manager. Used for NSX Global Manager UI login and REST API access. NOT managed by VCF Operations or SDDC Manager.,NOT managed by VCF Operations or SDDC Manager.; Manual password rotation via NSX API (POST /api/v1/node/users/{username}?action=change_password).,No automated monitoring. Manual tracking required.,"NSX Global Manager admin (self), root OS account.",No centralized control. Direct NSX API or UI access required.,NSX Global Manager UI (HTTPS port 443).; NSX Global Manager REST API.,Password (local NSX account).; NSX API session cookie/token.,Full NSX Global Manager administrative access.; Cross-site policy management.; Global inventory view across federated NSX sites.,NSX Global Manager policies and configurations.; Cross-site inventory objects.,Excluded from Fleet Management in VCF 9.1.,/var/log/auth.log (NSX appliance),Accepted password for root from; Failed password for root from; Accepted password for admin from; Failed password for admin from,/var/log/vmware/nsx/nsxd.log,Alert on repeated failed SSH authentication. Monitor for root/admin login events from unexpected source IPs. NSX syslog forwarding to SIEM is configurable under System > Fabric > Syslog.,session.create; session.destroy; user.create; user.delete; role.create; role.update,No (manual lifecycle)
NSX-GM-APP-002,Account,nsx-gm,NSX Global Manager,audit,N/A,Application,1,Read-only audit account for NSX Global Manager. Provides non-privileged access for security auditors and compliance teams to review NSX configuration without modification rights.,NOT managed by VCF Operations or SDDC Manager.; Manual rotation via NSX API.,No automated monitoring.,NSX Global Manager admin account.,Admin must manually rotate audit account password via NSX API.,NSX Global Manager UI.; NSX Global Manager REST API (read-only).,Password (local NSX account).,Read-only access to NSX Global Manager configuration and policy.; No write operations permitted.,NSX Global Manager inventory (read-only).,Audit account has read-only scope by design.,/var/log/auth.log (NSX appliance),Accepted password for root from; Failed password for root from; Accepted password for admin from; Failed password for admin from,/var/log/vmware/nsx/nsxd.log,Alert on repeated failed SSH authentication. Monitor for root/admin login events from unexpected source IPs. NSX syslog forwarding to SIEM is configurable under System > Fabric > Syslog.,session.create; session.destroy; user.create; user.delete; role.create; role.update,No (manual lifecycle)
NSX-SVC-001,Account,nsx-local-manager,NSX Local Manager,nsxt_<cm-uuid>,N/A,InterComponent,2,Service account created by vCenter Server for NSX Local Manager compute manager integration. Enables NSX Manager to access vCenter inventory.,Passwords generated directly by vCenter Server SSO. Rotates automatically over a 90-day interval.,vCenter Server manages the rotation lifecycle; NSX Manager retrieves updated credentials automatically.,vCenter Server SSO administrator,Automated by vCenter Server. No manual rotation needed.,Internal NSX Manager to vCenter SSO API (HTTPS port 443).,Password generated by vCenter Server.,"vCenter inventory read access for NSX, VM network configuration, compute manager sync.",vCenter inventory objects visible to NSX Manager.,Tier 2 inter-component. Managed by vCenter SSO.,/var/log/vmware/nsx/nsxd.log,"session.create, session.destroy, auth_token.create",/var/log/vmware/nsx/nsxd.log,Alert on repeated failed authentication from NSX to vCenter.,session.create; session.destroy; auth_token.create,No (platform-managed)
NSX-LM-INV-002,Account,nsx-lm,NSX Local Manager,cluster-boot-manager,N/A,K8s-ServiceAccount,3,NSX cluster initialization and boot management. Watches pod/job/statefulset resources to coordinate NSX platform startup sequence.,"K8s JWT (projected ServiceAccount token, auto-rotated).; Namespace-scoped Role, minimal permissions.","K8s token controller manages token rotation.; Pod identity bound at creation, cannot be changed at runtime.","cluster-admin, kube-system service accounts.",RoleBinding controls what this SA can do. Modify via kubectl as cluster-admin only.,Used internally by cluster-boot-manager pod. Not accessible externally.,Kubernetes JWT (projected token at /var/run/secrets/kubernetes.io/serviceaccount/).,pods: watch/get/list; jobs/status: watch/get/list; statefulsets: watch/get/list; podsecuritypolicies: use,"Namespace-scoped: pods, jobs, statefulsets within NSX namespace.",Namespace-scoped Role. No cluster-wide access.,Kubernetes API server audit log (kube-apiserver audit policy),"verb:""create"",""resource"":""serviceaccounts""; ""verb"":""get"",""resource"":""secrets""; ""responseStatus"":{""code"":403}",Kubernetes API server audit log,Alert on unexpected ClusterRole/RoleBinding creation or modification involving this ServiceAccount. Monitor for secrets access from unexpected pods or namespaces. Kubernetes audit policy should capture all 'get/list/watch' on secrets resources.,session.create; session.destroy; user.create; user.update; user.delete; user.activate; user.deactivate; user.clear; role.create; role.update; role.delete; auth_policy.update; auth_policy.clear; account.changepassword; account.create; account.delete; account.locked; authentication.login; authentication.logout; passwordpolicy.update,No (container-native)
NSX-LM-INV-003,Account,nsx-lm,NSX Local Manager,cm-inventory,N/A,K8s-ServiceAccount,3,NSX Compute Manager Inventory service. Manages deployment leadership election (leases) and monitors deployment status within the NSX namespace.,"K8s JWT (projected token, auto-rotated).; Namespace-scoped Role.",K8s token controller manages rotation.,cluster-admin.,RoleBinding in NSX namespace. Modify via kubectl as cluster-admin.,Internal pod use only. Not externally accessible.,Kubernetes JWT.,"deployments: list/get/watch; leases: * (all verbs, for leader election); podsecuritypolicies: use","NSX namespace deployments (read).; NSX namespace leases (write, leader election).",leases: * is broad but scoped to leader election objects only. Confirm no other Lease resources in namespace.,Kubernetes API server audit log (kube-apiserver audit policy),"verb:""create"",""resource"":""serviceaccounts""; ""verb"":""get"",""resource"":""secrets""; ""responseStatus"":{""code"":403}",Kubernetes API server audit log,Alert on unexpected ClusterRole/RoleBinding creation or modification involving this ServiceAccount. Monitor for secrets access from unexpected pods or namespaces. Kubernetes audit policy should capture all 'get/list/watch' on secrets resources.,session.create; session.destroy; user.create; user.update; user.delete; user.activate; user.deactivate; user.clear; role.create; role.update; role.delete; auth_policy.update; auth_policy.clear; account.changepassword; account.create; account.delete; account.locked; authentication.login; authentication.logout; passwordpolicy.update,No (container-native)
NSX-LM-INV-004,Account,nsx-lm,NSX Local Manager,mp-api-server,N/A,K8s-ServiceAccount,3,NSX Management Plane API Server. Minimal namespace-scoped permissions to list/watch deployments for status monitoring.,K8s JWT (projected token).; Namespace-scoped minimal Role.,Standard K8s token rotation.,cluster-admin.,Namespace-scoped RoleBinding.,Internal pod use only.,Kubernetes JWT.,deployments: list/get/watch; podsecuritypolicies: use,NSX namespace deployments (read only).,Minimal scope. Appropriate for deployment status checks.,Kubernetes API server audit log (kube-apiserver audit policy),"verb:""create"",""resource"":""serviceaccounts""; ""verb"":""get"",""resource"":""secrets""; ""responseStatus"":{""code"":403}",Kubernetes API server audit log,Alert on unexpected ClusterRole/RoleBinding creation or modification involving this ServiceAccount. Monitor for secrets access from unexpected pods or namespaces. Kubernetes audit policy should capture all 'get/list/watch' on secrets resources.,session.create; session.destroy; user.create; user.update; user.delete; user.activate; user.deactivate; user.clear; role.create; role.update; role.delete; auth_policy.update; auth_policy.clear; account.changepassword; account.create; account.delete; account.locked; authentication.login; authentication.logout; passwordpolicy.update,No (container-native)
NSX-LM-INV-005,Account,nsx-lm,NSX Local Manager,metrics-server,N/A,K8s-ServiceAccount,3,"Kubernetes Metrics Server. Provides resource utilization metrics (CPU/memory) for HPA, VPA, and kubectl top commands. Standard Kubernetes infrastructure component.","K8s JWT.; ClusterRole, standard Kubernetes Metrics Server RBAC (well-known, widely deployed).",Standard K8s token rotation.,cluster-admin.,ClusterRoleBinding. Cluster-wide read access is expected for this standard component.,Internal pod use only. Metrics API served at metrics.k8s.io.,Kubernetes JWT.,pods/nodes/nodes.stats/namespaces/configmaps: get/list/watch (cluster-wide),All pods and nodes cluster-wide (read-only metrics data).,Cluster-wide read is standard and expected for Kubernetes Metrics Server.,Kubernetes API server audit log (kube-apiserver audit policy),"verb:""create"",""resource"":""serviceaccounts""; ""verb"":""get"",""resource"":""secrets""; ""responseStatus"":{""code"":403}",Kubernetes API server audit log,Alert on unexpected ClusterRole/RoleBinding creation or modification involving this ServiceAccount. Monitor for secrets access from unexpected pods or namespaces. Kubernetes audit policy should capture all 'get/list/watch' on secrets resources.,session.create; session.destroy; user.create; user.update; user.delete; user.activate; user.deactivate; user.clear; role.create; role.update; role.delete; auth_policy.update; auth_policy.clear; account.changepassword; account.create; account.delete; account.locked; authentication.login; authentication.logout; passwordpolicy.update,No (container-native)
NSX-LM-INV-006,Account,nsx-lm,NSX Local Manager,appl-proxy,N/A,K8s-ServiceAccount,3,NSX Application Proxy service. Namespace-scoped permissions for proxy operation within the NSX deployment.,K8s JWT.; Namespace-scoped Role.,Standard K8s token rotation.,cluster-admin.,Namespace-scoped RoleBinding.,Internal pod use only.,Kubernetes JWT.,Namespace-scoped Role (exact verbs defined in Helm chart).,NSX namespace resources.,"Namespace-scoped, appropriate scope.",Kubernetes API server audit log (kube-apiserver audit policy),"verb:""create"",""resource"":""serviceaccounts""; ""verb"":""get"",""resource"":""secrets""; ""responseStatus"":{""code"":403}",Kubernetes API server audit log,Alert on unexpected ClusterRole/RoleBinding creation or modification involving this ServiceAccount. Monitor for secrets access from unexpected pods or namespaces. Kubernetes audit policy should capture all 'get/list/watch' on secrets resources.,session.create; session.destroy; user.create; user.update; user.delete; user.activate; user.deactivate; user.clear; role.create; role.update; role.delete; auth_policy.update; auth_policy.clear; account.changepassword; account.create; account.delete; account.locked; authentication.login; authentication.logout; passwordpolicy.update,No (container-native)
NSX-LM-INV-007,Account,nsx-lm,NSX Local Manager,async-replicator-service,N/A,K8s-ServiceAccount,3,NSX Asynchronous Replicator Service. Namespace-scoped permissions for async data replication operations.,K8s JWT.; Namespace-scoped Role.,Standard K8s token rotation.,cluster-admin.,Namespace-scoped RoleBinding.,Internal pod use only.,Kubernetes JWT.,Namespace-scoped Role.,NSX namespace resources.,"Namespace-scoped, appropriate scope.",Kubernetes API server audit log (kube-apiserver audit policy),"verb:""create"",""resource"":""serviceaccounts""; ""verb"":""get"",""resource"":""secrets""; ""responseStatus"":{""code"":403}",Kubernetes API server audit log,Alert on unexpected ClusterRole/RoleBinding creation or modification involving this ServiceAccount. Monitor for secrets access from unexpected pods or namespaces. Kubernetes audit policy should capture all 'get/list/watch' on secrets resources.,session.create; session.destroy; user.create; user.update; user.delete; user.activate; user.deactivate; user.clear; role.create; role.update; role.delete; auth_policy.update; auth_policy.clear; account.changepassword; account.create; account.delete; account.locked; authentication.login; authentication.logout; passwordpolicy.update,No (container-native)
NSX-LM-INV-008,Account,nsx-lm,NSX Local Manager,component-manager,N/A,K8s-ServiceAccount,3,"NSX FNS Component Manager. Manages Envoy Gateway, cert-manager, Gateway API, and RBAC for FNS (cloud/VCF-aaS) namespace. IMPORTANT: Has cluster-wide secrets read/write, deployed only in FNS (cloud) deployments, NOT in on-premises NSX installations.","K8s JWT.; ClusterRole, broad scope required for FNS multi-tenant orchestration.",Standard K8s token rotation.; Deploy-time validation that this ClusterRole is not active in on-premises NSX.,cluster-admin.,ClusterRoleBinding. Scoped to FNS deployments only. Namespace scoping or resourceNames restriction is recommended.,Internal pod use only (FNS deployment).,Kubernetes JWT.,"roles/rolebindings: get/list/create/update/patch/delete (cluster-wide); certificates/certificaterequests: get/list/create/update/patch/delete; clienttrafficpolicies, httproutes, gateways: get/list/create/update/patch/delete; secrets: get/list/watch/create/update/patch/delete (cluster-wide)",All K8s secrets cluster-wide (no resourceNames restriction).; RBAC roles and bindings cluster-wide.; cert-manager certificates cluster-wide.,"WARNING: secrets cluster-wide with no resourceNames restriction is broad. Assess namespace scoping. FNS deployments (cloud/VCF-aaS) only, confirm NOT deployed in on-premises NSX.",Kubernetes API server audit log (kube-apiserver audit policy),"verb:""create"",""resource"":""serviceaccounts""; ""verb"":""get"",""resource"":""secrets""; ""responseStatus"":{""code"":403}",Kubernetes API server audit log,Alert on unexpected ClusterRole/RoleBinding creation or modification involving this ServiceAccount. Monitor for secrets access from unexpected pods or namespaces. Kubernetes audit policy should capture all 'get/list/watch' on secrets resources.,session.create; session.destroy; user.create; user.update; user.delete; user.activate; user.deactivate; user.clear; role.create; role.update; role.delete; auth_policy.update; auth_policy.clear; account.changepassword; account.create; account.delete; account.locked; authentication.login; authentication.logout; passwordpolicy.update,No (container-native)
NSX-LM-INV-009,Account,nsx-lm,NSX Local Manager,contour,N/A,K8s-ServiceAccount,3,Contour Ingress Controller. Standard Kubernetes ingress controller (Project Contour) managing TLS termination and HTTP routing. Used in NSX FNS deployments.,"K8s JWT.; ClusterRole, standard Contour RBAC (publicly documented, well-known pattern).",Standard K8s token rotation.,cluster-admin.,ClusterRoleBinding. secrets: get/list/watch cluster-wide is required for TLS certificate management.,Internal pod use only.,Kubernetes JWT.,"secrets: get/list/watch (cluster-wide, for TLS certs); services/endpoints/namespaces/ingresses: get/list/watch; httproutes/gateways: get/list/watch",TLS secrets cluster-wide (read-only).; Kubernetes Ingress and Gateway API objects.,Standard Contour pattern. cluster-wide secrets read is expected and required for TLS termination.,Kubernetes API server audit log (kube-apiserver audit policy),"verb:""create"",""resource"":""serviceaccounts""; ""verb"":""get"",""resource"":""secrets""; ""responseStatus"":{""code"":403}",Kubernetes API server audit log,Alert on unexpected ClusterRole/RoleBinding creation or modification involving this ServiceAccount. Monitor for secrets access from unexpected pods or namespaces. Kubernetes audit policy should capture all 'get/list/watch' on secrets resources.,session.create; session.destroy; user.create; user.update; user.delete; user.activate; user.deactivate; user.clear; role.create; role.update; role.delete; auth_policy.update; auth_policy.clear; account.changepassword; account.create; account.delete; account.locked; authentication.login; authentication.logout; passwordpolicy.update,No (container-native)
NSX-LM-INV-010,Account,nsx-lm,NSX Local Manager,corfu-data-migration,N/A,K8s-ServiceAccount,3,CorfuDB Data Migration job. One-time or periodic migration job that performs namespace-scoped operations during NSX data store upgrades.,"K8s JWT.; Namespace-scoped Role, migration job.",Standard K8s token rotation.,cluster-admin.,Namespace-scoped RoleBinding.,Internal job pod use only.,Kubernetes JWT.,Namespace-scoped Role (migration operations).,NSX CorfuDB namespace resources.,"Migration job. Namespace-scoped, appropriate scope.",Kubernetes API server audit log (kube-apiserver audit policy),"verb:""create"",""resource"":""serviceaccounts""; ""verb"":""get"",""resource"":""secrets""; ""responseStatus"":{""code"":403}",Kubernetes API server audit log,Alert on unexpected ClusterRole/RoleBinding creation or modification involving this ServiceAccount. Monitor for secrets access from unexpected pods or namespaces. Kubernetes audit policy should capture all 'get/list/watch' on secrets resources.,session.create; session.destroy; user.create; user.update; user.delete; user.activate; user.deactivate; user.clear; role.create; role.update; role.delete; auth_policy.update; auth_policy.clear; account.changepassword; account.create; account.delete; account.locked; authentication.login; authentication.logout; passwordpolicy.update,No (container-native)
NSX-LM-SEC-001,Object,nsx-lm,NSX Local Manager,"vidm.clientid.admin, vidm.clientsecret.admin, vidm.clientid.user, vidm.clientsecret.user",N/A,OAuth2 client credentials,,"VIDM (VMware Identity Manager) OAuth2 client credentials for NSX SSO integration. Dynamic credentials: injected at deployment time via proxy.postinst script. No hardcoded values in source, written as empty placeholder keys at install time.",Runtime-injected via proxy.postinst into /etc/vmware/proxy/vidm.properties.; No hardcoded credentials in source code.,,,,Accessed by: NSX proxy and API layer for VIDM SSO integration,"OAuth2 client credentials flow (admin and user client_id/client_secret).; Credentials injected at install time, post-deployment only.",OAuth2 token exchange for admin and user roles,Connects to: VIDM (VMware Identity Manager),,/var/log/auth.log (NSX appliance),Accepted password for; Failed password for,/var/log/vmware/nsx/nsxd.log,Monitor for auth failures and unexpected source IPs. Alert on lockouts.,session.create; session.destroy; user.create; user.update; user.delete; user.activate; user.deactivate; user.clear; role.create; role.update; role.delete; auth_policy.update; auth_policy.clear; account.changepassword; account.create; account.delete; account.locked; authentication.login; authentication.logout; passwordpolicy.update,Not applicable
NSX-LM-APP-003,Account,nsx-lm,NSX Local Manager,phonehome-coordinator,N/A,Application,2,"CEIP (Customer Experience Improvement Program) opt-in configuration default. CEIP is enabled by default, customers must explicitly opt out during NSX deployment.",Credential stored in: No hardcoded credentials; uses PH SDK with runtime-sourced config (telemetry-info.json),,,,Accessed by: NSX Manager phonehome-coordinator,Runtime-injected credential (deployment-time),CEIP data upload (opt-in; telemetry.ceip.default=true),Connects to: VMware PH (phonehome) upload service via com.vmware.ph.client.api.impl.PhClientBuilder,,,,,,session.create; session.destroy; user.create; user.update; user.delete; user.activate; user.deactivate; user.clear; role.create; role.update; role.delete; auth_policy.update; auth_policy.clear; account.changepassword; account.create; account.delete; account.locked; authentication.login; authentication.logout; passwordpolicy.update,No (platform-managed)
NSX-LM-OS-001,Account,nsx-lm,NSX Local Manager,root,0,OS,1,Primary OS administrative account for the NSX Local Manager appliance. Used for SSH access and appliance-level OS operations. Managed by VCF Operations Fleet Management Engine.,Password managed by VCF Operations Fleet Management Engine (stateless passthrough).; CyberArk vault integration supported in VCF 9.1.; Password rotation enforced via VCF Operations Fleet Management API.,"VCF Operations monitors account status: ACTIVE, EXPIRING, EXPIRED, UNKNOWN.; Fleet Password Policy compliance tracked: COMPLIANT, NON_COMPLIANT, FAILED.","VCF Operations admin, CyberArk vault administrator.","Password rotation via VCF Operations Fleet Management API. Administrators must NOT modify root locally, bypasses fleet management and causes lifecycle operation failures.","SSH (port 22), requires direct network access to NSX management network.",Password authentication (managed by VCF Operations / CyberArk).,Full NSX Local Manager appliance OS administrative control.; Service management (start/stop/restart NSX processes).; Certificate and configuration file management.,All NSX Local Manager appliance file system paths.; NSX service processes and configuration files.,Tier 1 account. Full lifecycle automation per Section 2 OOTB Integration Matrix.,/var/log/auth.log (NSX appliance OS),Accepted password for root; Failed password for root,VCF Operations audit log,Monitor for authentication failures and logins from unexpected source IPs.,session.create; session.destroy; user.create; user.update; user.delete; user.activate; user.deactivate; user.clear; role.create; role.update; role.delete; auth_policy.update; auth_policy.clear; account.changepassword; account.create; account.delete; account.locked; authentication.login; authentication.logout; passwordpolicy.update,Yes
NSX-LM-APP-001,Account,nsx-lm,NSX Local Manager,admin,N/A,Application,1,"Primary application-level administrative account for NSX Local Manager. Used for NSX Manager UI login, NSX REST API access, and configuration management. Managed by VCF Operations Fleet Management Engine.",Password managed by VCF Operations Fleet Management Engine (stateless passthrough).; CyberArk vault integration supported in VCF 9.1.; Multi-factor authentication configurable via LDAP/vIDM integration.,"VCF Operations monitors account status: ACTIVE, EXPIRING, EXPIRED, UNKNOWN.; Fleet Password Policy compliance tracked.","VCF Operations admin, NSX Global Manager admin (for federated deployments).",Password rotation via VCF Operations Fleet Management API. Direct local modification breaks orchestration layer.,NSX Manager UI (HTTPS port 443).; NSX REST API (HTTPS port 443).; NSX Local Manager CLI.,Password authentication.; Certificate-based authentication (configurable).; LDAP/vIDM SSO integration (configurable).,"Full NSX Local Manager application administrative control.; Network topology management (segments, gateways, firewall rules).; Certificate and identity management.; Cluster configuration and health operations.","NSX segments, gateways, distributed firewall rules.; Transport zones, profiles, and host configuration.; Certificates and credentials within NSX.",Tier 1 account. Full lifecycle automation per Section 2 OOTB Integration Matrix.,/var/log/vmware/nsx-manager/supervisord.log,authentication_success; authentication_failure,NSX audit log: GET /api/v1/node/users,Monitor NSX audit log for unexpected privilege escalation or configuration changes.,session.create; session.destroy; user.create; user.update; user.delete; user.activate; user.deactivate; user.clear; role.create; role.update; role.delete; auth_policy.update; auth_policy.clear; account.changepassword; account.create; account.delete; account.locked; authentication.login; authentication.logout; passwordpolicy.update,Yes
NSX-LM-APP-002,Account,nsx-lm,NSX Local Manager,audit,N/A,Application,1,Read-only audit account for NSX Local Manager. Provides non-privileged access for security monitoring and compliance log review. Cannot modify configuration. Managed by VCF Operations Fleet Management Engine.,Password managed by VCF Operations Fleet Management Engine.; Read-only privileges enforced at NSX application layer.; Cannot execute write or configuration operations.,VCF Operations monitors account status.,VCF Operations admin.,Password rotation via VCF Operations Fleet Management API.,"NSX Manager UI (HTTPS port 443), read-only views.; NSX REST API (HTTPS port 443), GET requests only.",Password authentication.,"Read-only access to NSX configuration, logs, and status.",NSX configuration objects (read-only).; NSX audit logs and health status.,"Tier 1 account. Read-only; no write, modify, or delete capabilities.",/var/log/vmware/nsx-manager/supervisord.log,authentication_success; authentication_failure,NSX audit log,Alert on any attempt by this account to perform write operations (403 Forbidden).,session.create; session.destroy; user.create; user.update; user.delete; user.activate; user.deactivate; user.clear; role.create; role.update; role.delete; auth_policy.update; auth_policy.clear; account.changepassword; account.create; account.delete; account.locked; authentication.login; authentication.logout; passwordpolicy.update,Yes
NSX-EDG-OS-001,Account,nsx-lm,NSX Edge / VNA,root,0,OS,1,Primary OS administrative account for NSX Edge and Virtual Network Appliance (VNA) nodes. Used for appliance-level SSH access and OS operations. Managed by VCF Operations Fleet Management Engine.,Password managed by VCF Operations Fleet Management Engine.; Password rotation enforced across all NSX Edge and VNA nodes via automated remediation loop.,"VCF Operations monitors account status: ACTIVE, EXPIRING, EXPIRED, UNKNOWN.; Fleet Password Policy compliance tracked.","VCF Operations admin, CyberArk vault administrator.",Automated remediation loop execution across physical and virtual data plane routing endpoints.,"SSH (port 22), requires direct network access to NSX Edge management network.",Password authentication (managed by VCF Operations / CyberArk).,Full NSX Edge/VNA appliance OS administrative control.; Network data plane service management.; Configuration and certificate management.,NSX Edge/VNA appliance file system paths.; Data plane routing processes and configuration.,Tier 1 account. Full lifecycle automation per Section 2 OOTB Integration Matrix.,/var/log/auth.log (NSX Edge appliance OS),Accepted password for root; Failed password for root,VCF Operations audit log,Monitor for authentication failures and logins from unexpected source IPs.,session.create; session.destroy; user.create; user.update; user.delete; user.activate; user.deactivate; user.clear; role.create; role.update; role.delete; auth_policy.update; auth_policy.clear; account.changepassword; account.create; account.delete; account.locked; authentication.login; authentication.logout; passwordpolicy.update,Yes
NSX-EDG-APP-001,Account,nsx-lm,NSX Edge / VNA,admin,N/A,Application,1,Primary application-level administrative account for NSX Edge/VNA nodes. Used for CLI management and configuration of data plane components. Managed by VCF Operations Fleet Management Engine.,Password managed by VCF Operations Fleet Management Engine.; Password rotation enforced via automated remediation loop.,VCF Operations monitors account status.,VCF Operations admin.,Automated remediation loop execution across Edge nodes.,NSX Edge CLI (SSH/console).; NSX Manager UI (via Edge transport node management).,Password authentication.,"NSX Edge/VNA application administrative control.; Data plane configuration (routing, firewall, load balancing).",NSX Edge CLI configuration objects.; Data plane forwarding tables and tunnel endpoints.,Tier 1 account. Full lifecycle automation per Section 2 OOTB Integration Matrix.,NSX Edge audit log,authentication_success; authentication_failure,VCF Operations audit log,Monitor NSX Edge audit log for unexpected configuration changes.,session.create; session.destroy; user.create; user.update; user.delete; user.activate; user.deactivate; user.clear; role.create; role.update; role.delete; auth_policy.update; auth_policy.clear; account.changepassword; account.create; account.delete; account.locked; authentication.login; authentication.logout; passwordpolicy.update,Yes
NSX-EDG-APP-002,Account,nsx-lm,NSX Edge / VNA,audit,N/A,Application,1,Read-only audit account for NSX Edge/VNA nodes. Provides non-privileged access for security monitoring and compliance review. Cannot modify configuration. Managed by VCF Operations Fleet Management Engine.,Password managed by VCF Operations Fleet Management Engine.; Read-only privileges enforced at application layer.,VCF Operations monitors account status.,VCF Operations admin.,Password rotation via VCF Operations Fleet Management API.,"NSX Edge CLI (SSH/console), read-only.; NSX Manager UI, read-only views.",Password authentication.,"Read-only access to NSX Edge configuration, logs, and status.",NSX Edge/VNA configuration objects (read-only).; Audit logs and health status.,"Tier 1 account. Read-only; no write, modify, or delete capabilities.",NSX Edge audit log,authentication_success; authentication_failure,VCF Operations audit log,Alert on any attempt by this account to perform write operations.,session.create; session.destroy; user.create; user.update; user.delete; user.activate; user.deactivate; user.clear; role.create; role.update; role.delete; auth_policy.update; auth_policy.clear; account.changepassword; account.create; account.delete; account.locked; authentication.login; authentication.logout; passwordpolicy.update,Yes
SDDCM-OS-002,Account,sddc-manager,SDDC Manager,vcf,System-assigned,OS,1,Local OS service account for SDDC Manager internal processes. NOT managed by VCF Operations. Access via CLI only. Used by SDDC Manager application processes running on the appliance.,NOT managed by VCF Operations or CyberArk.; Manual management via CLI.,No automated monitoring.,root OS account (can sudo to modify).,Requires root OS access.,"SDDC Manager API (GET /v1/sddc-manager/local-os-user-accounts), retrieve only.; CLI via root sudo.",Password (local OS).,SDDC Manager application process execution.; Limited OS-level operations for SDDC Manager services.,SDDC Manager application directories and runtime files.,,/var/log/vmware/vcf/operationsmanager/operationsmanager.log,PasswordAudit:Received request for credentials lookup for resource,/var/log/vmware/vcf/operationsmanager/operationsmanager.log,Filter out authorized programmatic queries from svc-ops-sddc-manager-XXXX to isolate human-initiated credential lookups. Alert on lookups from unexpected service accounts.,account.login; account.login.failed; account.locked; account.changepassword; credential.update; passwordpolicy.update,
SDDCM-APP-002,Account,sddc-manager,SDDC Manager,backup,N/A,Application,1,SDDC Manager backup service account. Managed by VCF Operations Fleet Management in VCF 9.1. Used for SDDC Manager backup operations and associated credential management.,Managed by VCF Operations Fleet Management.; CyberArk vault integration supported in VCF 9.1.; SDDC Manager API (PATCH /v1/credentials) for rotation.,VCF Operations lifecycle metadata tracking.; Fleet Password Policy compliance monitoring.,"VCF Operations admin, SDDC Manager admin@local.",VCF Operations Fleet Management API enforces rotation policy.,SDDC Manager API (PATCH /v1/credentials).; VCF Operations Fleet Management API.,Password (managed by VCF Operations / CyberArk).,SDDC Manager backup operations.; Backup job creation and management.; SFTP/NFS backup destination access.,SDDC Manager backup configuration.; Backup data on configured backup targets.,,/var/log/vmware/vcf/operationsmanager/operationsmanager.log,PasswordAudit:Received request for credentials lookup for resource,/var/log/vmware/vcf/operationsmanager/operationsmanager.log,Filter out authorized programmatic queries from svc-ops-sddc-manager-XXXX to isolate human-initiated credential lookups. Alert on lookups from unexpected service accounts.,account.login; account.login.failed; account.locked; account.changepassword; credential.update; passwordpolicy.update,Yes
SDDCM-SVC-001,Account,sddc-manager,SDDC Manager,svc-vcf-<esx-hostname>,N/A,InterComponent,2,"Inter-component service account created by SDDC Manager for managing ESXi hosts during host commissioning, decommissioning, and lifecycle operations.",Provisioned automatically during host commissioning. Scheduled auto-rotation disabled by default to mitigate cluster performance bottlenecks across large scaling boundaries; on-demand rotation supported via SDDC Manager API.,SDDC Manager tracks credential state and updates its local credential store.,SDDC Manager admin,Auto-rotation disabled by default; on-demand execution supported via SDDC Manager API.,Internal SSH (port 22) / vSphere API (HTTPS port 443) from SDDC Manager to ESXi.,SSH key / Password authentication.,"ESXi host commissioning, patching, upgrade orchestration, and decommissioning.",Target ESXi host hypervisor configuration.,Tier 2 inter-component. Scoped to SDDC host lifecycle operations.,/var/log/vmware/vcf/operationsmanager/operationsmanager.log,PasswordAudit:Received request for credentials lookup,/var/log/vmware/vcf/operationsmanager/audit/password-events/audit-events.log,Monitor for unexpected host commissioning calls or host SSH authentication failures.,account.login; account.login.failed; credential.update,No (platform-managed)
SDDCM-SVC-002,Account,sddc-manager,SDDC Manager,svc-sddc-manager-<hostname>-vcenter-<hostname>@vsphere.local,N/A,InterComponent,2,Inter-component service account used by SDDC Manager to communicate with vCenter Server during workload domain orchestration.,Produced randomly via vCenter SSO frameworks. Fully automated rotation with support for automated calendar schedules and manual on-demand updates.,SDDC Manager tracks credential state and updates its local credential store.,"SDDC Manager admin, vCenter SSO admin",Automated rotation cycle. Manual on-demand rotation available via SDDC Manager API.,vSphere REST API (HTTPS port 443).,Username and password against vSphere SSO.,"vCenter host management, cluster lifecycle operations, storage and network domain configuration.",Target vCenter Server management plane objects.,Tier 2 inter-component. Full SDDC workflow automation scope.,/var/log/vmware/vcf/operationsmanager/operationsmanager.log,PasswordAudit:Received request for credentials lookup,/var/log/vmware/vcf/operationsmanager/audit/password-events/audit-events.log,Monitor for SDDC Manager to vCenter authentication failures or credential drift.,account.login; account.login.failed; credential.update,No (platform-managed)
VCENTER-OS-001,Account,vcenter,VMware vCenter,root,0,OS,1,"Primary OS administrative account for the vCenter Server Appliance (VCSA). Used for SSH access, VAMI (Appliance Management Interface) login, and by SDDC Manager / VCF Operations for automated lifecycle management.",Password managed by VCF Operations Fleet Management Engine (stateless passthrough).; CyberArk vault integration supported in VCF 9.1.; SDDC Manager (PATCH /v1/credentials) and VCF Operations API both support rotation.,VCF Operations lifecycle metadata (ACTIVE/EXPIRING/EXPIRED/UNKNOWN) tracked.; SDDC Manager reference copy maintained; DISCONNECTED status indicates local drift.,"SDDC Manager service account, VCF Operations admin, any user with SSH root access to VCSA, VAMI admin.","Modifying root password locally via VAMI or SSH without VCF Operations will desynchronize SDDC Manager's credential store, breaking lifecycle workflows. All modifications must go through VCF Operations Fleet Management API or SDDC-M.","SSH (port 22) to vCenter appliance.; VAMI (port 5480), vSphere Appliance Management Interface.; VCF Operations Fleet Management API.; SDDC Manager API (PATCH /v1/credentials).",Password (managed by VCF Operations / CyberArk).; SSH key authentication (if configured).,"Full vCenter appliance OS administrative control.; VAMI management (certificates, networking, backups).; vCenter service management (start/stop/restart).; File system access including vCenter configuration and log files.",All VCSA file system paths.; vCenter configuration files (/etc/vmware).; vCenter certificates and keystores.; vCenter log files (/var/log/vmware).,,/var/log/auth.log,Accepted password for root; Failed password for root,/var/log/auth.log,Monitor for authentication failures and logins from unexpected source IPs.,authentication.login; authentication.logout; account.create; account.delete; account.edit; account.locked; account.changepassword; passwordpolicy.update,Yes
VCENTER-APP-001,Account,vcenter,VMware vCenter,administrator@vsphere.local,N/A,Application,1,Primary application-level SSO administrator account for vCenter Server. Used for vCenter Web Client / vSphere Client interactive login and API access. This account is the default vSphere SSO domain administrator and is used for initial deployment configuration and management.,"Password managed via SDDC Manager (PATCH /v1/credentials), manual rotation.; NOT managed by VCF Operations Fleet Management in VCF 9.1.; NOT integrated with CyberArk vault in VCF 9.1.; vSphere SSO password policy enforces complexity and expiration.",SDDC Manager stores a reference copy; manual remediation required if local change causes drift.; vSphere SSO enforces lockout policy after failed attempts.,vCenter SSO administrator-level accounts. SDDC Manager (via PATCH /v1/credentials API).,Any account with the vSphere SSO Administrator role can modify this account. Account password cannot be managed by CyberArk in VCF 9.1; must be rotated manually.,vSphere Client UI (HTTPS port 443).; vSphere REST API (HTTPS port 443).; SDDC Manager API (PATCH /v1/credentials) for password rotation.,Password authentication via vSphere SSO.; SSO token-based session after initial authentication.,"Full vCenter Server administrative access (all vSphere operations).; vSphere SSO domain administration (user/group management, identity source config).; All datacenter, cluster, host, VM, and network management operations.; Certificate management (VMCA).; vCenter extension and plugin management.","All vCenter inventory objects (datacenters, clusters, hosts, VMs, networks, datastores).; vSphere SSO identity store.; Global permissions and role assignments.; vCenter plugins and extensions.",EXCLUDED from VCF Operations Fleet Management in VCF 9.1. Rotation must be performed manually via SDDC Manager API or vCenter VAMI. This is a known scope limitation documented in the VCF 9.1 release.,/var/log/vmware/sso/ssoAdminServer.log,Authenticated successfully for user administrator@vsphere.local; Login failed for user administrator@vsphere.local; Account locked: administrator@vsphere.local,/var/log/vmware/sso/ssoAdminServer.log,Monitor for failed login bursts and off-hours authentication. Alert on account lockout events. Track API calls to vCenter REST API from unexpected source IPs.,authentication.login; authentication.logout; account.create; account.delete; account.edit; account.locked; account.changepassword; passwordpolicy.update,No (manual lifecycle)
VCENTER-SVC-001,Account,vcenter,VMware vCenter,vpxuser,2000,InterComponent,2,"Service account created by vCenter Server on each managed ESXi host for ongoing host daemon (vpxd) communication, host monitoring, and VM power operations.",Fully automated lifecycle management by vCenter Server (`VirtualCenter.VimPasswordExpirationInDays`). Default 30-day rolling rotation interval (90-day maximum policy window). Not exposed to administrators.,vCenter Server monitors and auto-renews credentials on the 30-day schedule. No customer action required.,vCenter Server daemon (vpxd),Fully automated by vCenter Server. No manual modification path.,vSphere API (HTTPS port 443 on ESXi host).,Username and password generated by vCenter.,"vCenter Server host daemon management, VM lifecycle operations, storage/network configuration.",Managed ESXi host resources and running virtual machines.,Tier 2 inter-component. Scoped to vCenter host management.,/var/log/auth.log (ESXi host),vpxuser login; vpxuser API session,/var/log/auth.log (ESXi host),Monitor vCenter event log for vpxuser authentication failures or unexpected source IPs.,vim.connect; vim.disconnect; account.changepassword,No (platform-managed)
VCF-AUTO-INV-007,Account,vcf-automation,VCF Automation,vmware-system-user,System-assigned,OS,1,Built-in VCF Automation system service user. Integrated into VCF Operations Fleet Management for automated lifecycle operations including upgrades and environment service orchestration. Listed in the Section 2 OOTB Integration Matrix as a managed account under VCF Management Services.,Credential written to a file on the appliance in clear text rather than to a protected store. Rotation is handled through VCF Operations fleet password management.,,,,Accessed by: Testbed automation,Username and password.,SSH admin access,Connects to: VCFA VA SSH (10.70.176.133),,,,,,"serviceaccounts.create; serviceaccounts.patch; secrets.create; secrets.delete; tokenreviews.create; clusterrolebindings.patch; rolebindings.patch; subjectaccessreviews.create [Kubernetes API server audit log, filter on verb+resource+responseStatus]",Yes
VCF-AUTO-INV-009,Account,vcf-automation,VCF Automation,project-serviceaccount,N/A,InterComponent,2,Used by Project Service to connect to VCFA Tenant Manager OIDC,Credential stored in: VCFA identity service,,,,Accessed by: Project Service,VCFA identity service,Project API scope,Connects to: VCFA Tenant Manager OIDC,,,,,,serviceaccounts.create; serviceaccounts.patch; secrets.create; secrets.delete; tokenreviews.create; clusterrolebindings.patch; rolebindings.patch; subjectaccessreviews.create,No (platform-managed)
VCF-AUTO-INV-010,Account,vcf-automation,VCF Automation,form-serviceaccount,N/A,InterComponent,2,Used by Form Service to connect to VCFA Tenant Manager OIDC,Credential stored in: VCFA identity service,,,,Accessed by: Form Service,VCFA identity service,Form Service API scope,Connects to: VCFA Tenant Manager OIDC,,,,,,serviceaccounts.create; serviceaccounts.patch; secrets.create; secrets.delete; tokenreviews.create; clusterrolebindings.patch; rolebindings.patch; subjectaccessreviews.create,No (platform-managed)
VCF-AUTO-INV-011,Account,vcf-automation,VCF Automation,eventbroker-serviceaccount,N/A,InterComponent,2,Used by Event Broker Service (EBS) to connect to VCFA Tenant Manager OIDC,Credential stored in: VCFA identity service,,,,Accessed by: Event Broker Service (EBS),VCFA identity service,EBS API scope,Connects to: VCFA Tenant Manager OIDC,,,,,,serviceaccounts.create; serviceaccounts.patch; secrets.create; secrets.delete; tokenreviews.create; clusterrolebindings.patch; rolebindings.patch; subjectaccessreviews.create,No (platform-managed)
VCF-AUTO-INV-012,Account,vcf-automation,VCF Automation,provisioning-serviceaccount,N/A,InterComponent,2,Used by Provisioning Service to connect to VCFA Tenant Manager OIDC,Credential stored in: VCFA identity service,,,,Accessed by: Provisioning Service,VCFA identity service,Provisioning API scope,Connects to: VCFA Tenant Manager OIDC,,,,,,serviceaccounts.create; serviceaccounts.patch; secrets.create; secrets.delete; tokenreviews.create; clusterrolebindings.patch; rolebindings.patch; subjectaccessreviews.create,No (platform-managed)
VCF-AUTO-INV-001,Account,vcf-automation,VCF Automation,helm-controller,N/A,K8s-ServiceAccount,3,Used by FluxCD Helm Controller to connect to Kubernetes API server,Credential stored in: In-cluster token,,,,Accessed by: FluxCD Helm Controller,In-cluster token,cluster-admin ClusterRole (full cluster access),Connects to: Kubernetes API server,,Kubernetes API server audit log (kube-apiserver audit policy),"verb:""create"",""resource"":""serviceaccounts""; ""verb"":""get"",""resource"":""secrets""; ""responseStatus"":{""code"":403}",Kubernetes API server audit log,Alert on unexpected ClusterRole/RoleBinding creation or modification involving this ServiceAccount. Monitor for secrets access from unexpected pods or namespaces. Kubernetes audit policy should capture all 'get/list/watch' on secrets resources.,"serviceaccounts.create; serviceaccounts.patch; secrets.create; secrets.delete; tokenreviews.create; clusterrolebindings.patch; rolebindings.patch; subjectaccessreviews.create [Kubernetes API server audit log, filter on verb+resource+responseStatus]",No (container-native)
VCF-AUTO-INV-002,Account,vcf-automation,VCF Automation,source-controller,N/A,K8s-ServiceAccount,3,Used by FluxCD Source Controller to connect to Kubernetes API server,Credential stored in: In-cluster token,,,,Accessed by: FluxCD Source Controller,In-cluster token,cluster-admin ClusterRole (full cluster access),Connects to: Kubernetes API server,,Kubernetes API server audit log (kube-apiserver audit policy),"verb:""create"",""resource"":""serviceaccounts""; ""verb"":""get"",""resource"":""secrets""; ""responseStatus"":{""code"":403}",Kubernetes API server audit log,Alert on unexpected ClusterRole/RoleBinding creation or modification involving this ServiceAccount. Monitor for secrets access from unexpected pods or namespaces. Kubernetes audit policy should capture all 'get/list/watch' on secrets resources.,"serviceaccounts.create; serviceaccounts.patch; secrets.create; secrets.delete; tokenreviews.create; clusterrolebindings.patch; rolebindings.patch; subjectaccessreviews.create [Kubernetes API server audit log, filter on verb+resource+responseStatus]",No (container-native)
VCF-AUTO-SEC-001,Object,vcf-automation,VCF Automation,crd-controller,N/A,RBAC role,,"Used by helm-controller, source-controller to connect to Kubernetes API (source.toolkit.fluxcd.io, helm.toolkit.fluxcd.io, core)","Credential stored in:,",,,,"Accessed by: helm-controller, source-controller",",",source.toolkit.fluxcd.io/:; helm.toolkit.fluxcd.io/:; namespaces/secrets/configmaps/serviceaccounts: get/list/watch; serviceaccounts/token: create; events: create/patch; configmaps:; leases:,"Connects to: Kubernetes API (source.toolkit.fluxcd.io, helm.toolkit.fluxcd.io, core)",,,,,,serviceaccounts.create; serviceaccounts.patch; secrets.create; secrets.delete; tokenreviews.create; clusterrolebindings.patch; rolebindings.patch; subjectaccessreviews.create,Not applicable
VCF-AUTO-INV-004,Account,vcf-automation,VCF Automation,flux-install-sa,N/A,K8s-ServiceAccount,3,Used by kapp-controller PackageInstall to connect to Kubernetes API,Credential stored in: In-cluster token,,,,Accessed by: kapp-controller PackageInstall,In-cluster token,cluster-admin (via ClusterRoleBinding in same file),Connects to: Kubernetes API,,Kubernetes API server audit log (kube-apiserver audit policy),"verb:""create"",""resource"":""serviceaccounts""; ""verb"":""get"",""resource"":""secrets""; ""responseStatus"":{""code"":403}",Kubernetes API server audit log,Alert on unexpected ClusterRole/RoleBinding creation or modification involving this ServiceAccount. Monitor for secrets access from unexpected pods or namespaces. Kubernetes audit policy should capture all 'get/list/watch' on secrets resources.,"serviceaccounts.create; serviceaccounts.patch; secrets.create; secrets.delete; tokenreviews.create; clusterrolebindings.patch; rolebindings.patch; subjectaccessreviews.create [Kubernetes API server audit log, filter on verb+resource+responseStatus]",No (container-native)
VCF-AUTO-SEC-002,Object,vcf-automation,VCF Automation,(Secret name injected at deploy),N/A,Kubernetes Secret,,Used by helm-controller pod to connect to OCI registry (Broadcom internal or customer registry),Credential stored in: Kubernetes Secret,,,,Accessed by: helm-controller pod,Kubernetes Secret,Pull image from private registry,Connects to: OCI registry (Broadcom internal or customer registry),,,,,,serviceaccounts.create; serviceaccounts.patch; secrets.create; secrets.delete; tokenreviews.create; clusterrolebindings.patch; rolebindings.patch; subjectaccessreviews.create,Not applicable
VCF-AUTO-APP-001,Account,vcf-automation,VCF Automation,admin,N/A,Application,1,"Primary application-level administrative account for VCF Automation. Used for initial setup, configuration, and lifecycle management of the VCF Automation platform. Fully managed by VCF Operations Fleet Management and CyberArk in VCF 9.1.",Password managed by VCF Operations Fleet Management Engine.; CyberArk vault integration supported.; Authenticated via VCF Automation POST /api/v1/identity/token.,"VCF Operations monitors status: ACTIVE, EXPIRING, EXPIRED, UNKNOWN.","VCF Operations admin, CyberArk vault administrator.",Password rotation via VCF Operations Fleet Management API.,VCF Automation UI (HTTPS port 443).; VCF Automation REST API (HTTPS port 443).,Password auth via VCF Automation identity token API.; VCF Operations API uses Bearer token for programmatic rotation.,Full VCF Automation platform administrative control.; Tenant and project configuration.; Service catalog and workflow management.,VCF Automation configuration objects.; Tenant and project structures.; Service catalog items and workflows.,"Tier 1, Yes/Yes/Yes. See Section 2 OOTB Integration Matrix.",,,VCF Operations audit log,Monitor for unexpected configuration changes or API calls under this identity.,serviceaccounts.create; serviceaccounts.patch; secrets.create; secrets.delete; tokenreviews.create; clusterrolebindings.patch; rolebindings.patch; subjectaccessreviews.create,Yes
VCF-AUTO-OS-001,Account,vcf-automation,VCF Automation,admin@vsp.local,"N/A, vSphere SSO domain identity",OS,1,OS-level administrative account for the VCF Automation appliance. Used by VCF Operations Fleet Management for appliance-level lifecycle operations. Fully managed by VCF Operations Fleet Management and CyberArk in VCF 9.1.,Password managed by VCF Operations Fleet Management Engine.; CyberArk vault integration supported.,VCF Operations monitors status.,VCF Operations admin.,Password rotation via VCF Operations Fleet Management API.,VCF Automation appliance OS shell (restricted SSH).,Password auth (VCF Ops managed).,Appliance OS administrative operations.; Service management.,VCF Automation appliance OS file system.,"Tier 1, Yes/Yes/Yes. Listed in Section 2 OOTB Integration Matrix under VCF Management Services.",/var/log/auth.log,Accepted password for admin@vsp.local,VCF Operations audit log,Monitor for authentication failures and logins from unexpected source IPs.,"serviceaccounts.create; serviceaccounts.patch; secrets.create; secrets.delete; tokenreviews.create; clusterrolebindings.patch; rolebindings.patch; subjectaccessreviews.create [Kubernetes API server audit log, filter on verb+resource+responseStatus]",Yes
VCF-ORCH-OS-001,Account,vcf-automation,VCF Automation Orchestrator,root,0,OS,1,Primary OS administrative account for the VCF Automation Orchestrator (vRealize Orchestrator / VRO) appliance. NOT managed by VCF Operations vault or Fleet Management. Managed via CLI only.,"CLI-only lifecycle, no VCF Operations or SDDC Manager API integration.; Managed directly on the VRO appliance.",,Local appliance administrator.,Manual password change via CLI on the VRO appliance.,"SSH (port 22), VRO appliance management network.",Password auth (local).,Full VRO appliance OS administrative control.; Orchestrator engine management.,VRO appliance OS file system.; Orchestrator workflow engine.,"CLI only, not vault-integrated.",/var/log/auth.log,Accepted password for root,,Monitor for authentication from unexpected source IPs. Implement MFA or SSH key auth for console access.,"serviceaccounts.create; serviceaccounts.patch; secrets.create; secrets.delete; tokenreviews.create; clusterrolebindings.patch; rolebindings.patch; subjectaccessreviews.create [Kubernetes API server audit log, filter on verb+resource+responseStatus]",Pending confirmation
VCFOPS-APP-001,Account,vcf-ops,VCF Operations Console,admin,N/A,Application,1,"Primary application-level administrative account for VCF Operations Console. Used for UI login, REST API access, and all Fleet Management API calls. Self-manages its own password via Fleet Management.",Managed by VCF Operations Fleet Management (self-managed).; CyberArk vault integration supported.; API token (opstoken or Bearer) required for all API access.,VCF Operations lifecycle metadata tracking (self-monitoring).; Fleet Password Policy compliance applied to own interfaces.,"VCF Operations admin (self), CyberArk vault administrator.","Only Fleet Management API calls are accepted, Basic Auth rejected. Token-based auth required.",VCF Operations UI (HTTPS port 443).; VCF Operations REST API (suite-api).; OpsToken: POST /suite-api/api/auth/token/acquire.; Bearer Token: POST /{VIDB}/acs/t/CUSTOMER/token.,Password + OpsToken (POST /suite-api/api/auth/token).; API Token to Bearer Token (OAuth 2.0-compatible workflow).; Basic Authentication NOT accepted for Fleet Management endpoints.,"Full VCF Operations administrative access.; Fleet Management API (password query, rotation, policy).; Dashboard creation and management.; Alert configuration.; User and role management.; Integration with external vault (CyberArk, HashiCorp).",VCF Operations configuration.; All managed platform component credentials (via Fleet Management).; VCF Operations data stores.; SIEM and notification integrations.,Fleet Management RBAC: ADMIN role required. OPERATOR role cannot retrieve or modify credentials.,/storage/log/vcops/log/analytics.audit-##########.log,"auditID=""AUTHENTICATION_LOGIN""; Due to the following error: ""Account is locked""",/storage/log/vcops/logs/casa/casa-audit.log,Monitor for AUTHENTICATION_LOGIN events with locked-account errors; these indicate an out-of-band password change broke the Fleet Management authentication loop. Alert on >3 consecutive auth failures for any managed account.,authentication.login; authentication.logout; authentication.impersonate; user.create; user.update; user.delete; user.enable; user.disable; user_password.change; credential.create; credential.update; credential.delete; vcf_password_management.update_password; vcf_password_management.remediate_password; vcf_role_assignment.create; vcf_role_assignment.delete; role.create; role.update; role.delete; sso.create; sso.update; sso.delete; password_policy.update,Yes
VCFOPS-OS-001,Account,vcf-ops,VCF Operations Console,root,0,OS,1,OS administrative account for the VCF Operations appliance. Used for appliance-level SSH access and maintenance. Managed by VCF Operations Fleet Management.,Managed by VCF Operations Fleet Management.; CyberArk vault integration supported.; Best practice: set to never expire via chage -M -1 root to prevent Fleet Management loop breakage.,VCF Operations lifecycle metadata tracking.; Fleet Password Policy compliance monitoring.,"VCF Operations admin account, direct root SSH access.",Local password modification via CASA GUI will be logged at /storage/log/vcops/logs/casa/casa-audit.log and will desynchronize Fleet Management.,SSH (port 22) to VCF Operations appliance.; VCF Operations Fleet Management API.; Admin Console (CASA) UI at port 5480.,Password (managed by Fleet Management / CyberArk).; SSH key (if configured).,Full VCF Operations appliance OS control.; VCF Operations service management.; Log file access.; Certificate management.,VCF Operations OS file system.; VCF Operations data stores (/storage).; VCF Operations configuration files.; Audit logs at /storage/log/vcops.,,/storage/log/vcops/log/analytics.audit-##########.log,"auditID=""AUTHENTICATION_LOGIN""; Due to the following error: ""Account is locked""",/storage/log/vcops/logs/casa/casa-audit.log,Monitor for AUTHENTICATION_LOGIN events with locked-account errors; these indicate an out-of-band password change broke the Fleet Management authentication loop. Alert on >3 consecutive auth failures for any managed account.,authentication.login; authentication.logout; authentication.impersonate; user.create; user.update; user.delete; user.enable; user.disable; user_password.change; credential.create; credential.update; credential.delete; vcf_password_management.update_password; vcf_password_management.remediate_password; vcf_role_assignment.create; vcf_role_assignment.delete; role.create; role.update; role.delete; sso.create; sso.update; sso.delete; password_policy.update,Yes
VCFPROXY-OS-001,Account,vcf-ops,VCF Operations Unified Cloud Proxy,root,0,OS,1,"OS administrative account for the VCF Operations Unified Cloud Proxy appliance. Vault-integrated in VCF 9.1 GA. Managed via CLI only, no VCF Operations Fleet Management API support for this account (CLI is the update/retrieve mechanism). Password lifecycle: VCF Ops initiates rotation; Cloud Proxy applies via CLI command.",Managed by VCF Operations Fleet Management via CLI (no REST API).; CyberArk vault integration supported.; CLI-based password management only.,VCF Operations lifecycle metadata tracking.,"VCF Operations admin (CLI access), direct root SSH.",CLI-only access. No API endpoint for remote password management available at 9.1.,SSH (port 22) to Cloud Proxy appliance.; CLI only (no REST API for password management).,Password (managed by Fleet Management / CyberArk).,Cloud Proxy OS administrative operations.; Proxy service configuration and management.; Outbound connectivity configuration to VCF Operations cloud.,Cloud Proxy OS file system.; Proxy configuration and certificate files.,Automated Fleet Management API onboarding planned for a future release.,/storage/log/vcops/log/analytics.audit-##########.log,"auditID=""AUTHENTICATION_LOGIN""; Due to the following error: ""Account is locked""",/storage/log/vcops/logs/casa/casa-audit.log,Monitor for AUTHENTICATION_LOGIN events with locked-account errors; these indicate an out-of-band password change broke the Fleet Management authentication loop. Alert on >3 consecutive auth failures for any managed account.,authentication.login; authentication.logout; authentication.impersonate; user.create; user.update; user.delete; user.enable; user.disable; user_password.change; credential.create; credential.update; credential.delete; vcf_password_management.update_password; vcf_password_management.remediate_password; vcf_role_assignment.create; vcf_role_assignment.delete; role.create; role.update; role.delete; sso.create; sso.update; sso.delete; password_policy.update,Pending confirmation
VCFOPS-SVC-001,Account,vcf-ops,VCF Operations Console,svc-ops-vc-vcf-ops-cluster-<uid>@vsphere.local,N/A,InterComponent,2,"Service account used by VCF Operations to connect to vCenter Server for inventory collection, VM metrics retrieval, and monitoring.",Fully automated for greenfield VCF 9.1 deployments. Brownfield environments upgraded from legacy lines require a manual configuration switch to migrate off older tracking users. System-managed on standard 90-day rotation.,VCF Operations monitors the credential lifecycle. Automated renewal on rotation schedule.,VCF Operations admin,Automated rotation. Brownfield environments require manual migration switch.,vCenter Server REST API / vSphere API (HTTPS port 443).,Username and password against vSphere SSO.,"vCenter inventory read-access for monitoring, VM metrics and performance data collection, vCenter infrastructure topology discovery.",vCenter Server monitoring metrics and inventory topology.,Tier 2 inter-component. OAuth 2.0 migration planned for a future release.,/storage/log/vcops/log/analytics.audit.log,AUTHENTICATION_LOGIN,/storage/log/vcops/log/analytics.audit.log,Monitor analytics.audit.log for collection login failures or locked account alerts.,authentication.login; authentication.logout; vcf_password_management.update_password,Pending confirmation
VCFOPSNI-APP-001,Account,vcf-ops-networks,VCF Operations for Networks,admin@local,N/A,Application,1,Primary application administrative account for VCF Operations for Networks (vRNI). Used for UI login and API access. Managed by VCF Operations Fleet Management.,Managed by VCF Operations Fleet Management.; CyberArk vault integration supported.; Password update via POST /api/ni/auth/password or VCF Ops API.,VCF Operations lifecycle metadata tracking.,"VCF Operations admin, admin@local (self).",Fleet Management passthrough. Local modification outside Fleet Management will desync.,VCF Operations for Networks UI (HTTPS port 443).; VCF Operations for Networks API.; VCF Operations Fleet Management API.,"Password (managed by Fleet Management / CyberArk).; API endpoint: POST /api/ni/auth/password, GET /api/ni/settings/users/breakglass.",Full VCF Operations for Networks administration.; Network flow data collection and analysis.; NSX and vCenter integration management.; IPFIX/NetFlow configuration.,"Network topology data.; Flow analytics data.; VCF Operations for Networks configuration.; Integration credentials (svc-ni-vc, svc-ni-li).",,/storage/log/vcops/log/analytics.audit-##########.log,"auditID=""AUTHENTICATION_LOGIN""; Due to the following error: ""Account is locked""",/storage/log/vcops/logs/casa/casa-audit.log,Monitor for AUTHENTICATION_LOGIN events with locked-account errors; these indicate an out-of-band password change broke the Fleet Management authentication loop. Alert on >3 consecutive auth failures for any managed account.,web-application.login; web-application.logout; auth-token.login; user.add; user.delete; user.modify; user.update; group.add; group.delete; group.update; password.update; service-accounts.configure; ldap.configure; sso.configure,Yes
VCFOPSNI-OS-001,Account,vcf-ops-networks,VCF Operations for Networks,root,0,OS,1,Primary OS administrative account for the VCF Operations for Networks (vRNI) appliance. Fully managed by VCF Operations Fleet Management in VCF 9.1.,Password managed by VCF Operations Fleet Management Engine.; CyberArk vault integration supported in VCF 9.1.,"VCF Operations monitors status: ACTIVE, EXPIRING, EXPIRED, UNKNOWN.",VCF Operations admin.,Password rotation via VCF Operations Fleet Management API.,"SSH (port 22), appliance management network.",Password auth (VCF Ops managed).,Full vRNI appliance OS administrative control.,All appliance file system paths.,"Tier 1, Yes/Yes/Yes.",/var/log/auth.log,Accepted password for root; Failed password for root,VCF Operations audit log,Monitor for authentication failures from unexpected source IPs.,web-application.login; web-application.logout; auth-token.login; user.add; user.delete; user.modify; user.update; group.add; group.delete; group.update; password.update; service-accounts.configure; ldap.configure; sso.configure,Pending confirmation
VCFOPSNI-OS-002,Account,vcf-ops-networks,VCF Operations for Networks,consoleuser,System-assigned,OS,1,Restricted console access user for the VCF Operations for Networks appliance. Used for break-glass console access. Fully managed by VCF Operations Fleet Management in VCF 9.1.,Password managed by VCF Operations Fleet Management Engine.; Shell access restricted to console operations.,VCF Operations monitors status.,VCF Operations admin.,Password rotation via VCF Operations Fleet Management API.,Console (direct or IPMI/iDRAC access only). Not accessible via SSH.,Password auth.,Console-level break-glass access.,vRNI appliance console interface.,"Tier 1, Yes/Yes/Yes.",/var/log/auth.log,Accepted password for consoleuser,VCF Operations audit log,Alert on console login outside of maintenance windows.,web-application.login; web-application.logout; auth-token.login; user.add; user.delete; user.modify; user.update; group.add; group.delete; group.update; password.update; service-accounts.configure; ldap.configure; sso.configure,Yes
VCFOPSNI-OS-003,Account,vcf-ops-networks,VCF Operations for Networks,support,System-assigned,OS,1,Restricted support access user for the VCF Operations for Networks appliance. Used for vendor support diagnostics. Fully managed by VCF Operations Fleet Management in VCF 9.1.,"Password managed by VCF Operations Fleet Management Engine.; Restricted shell, diagnostic access only.",VCF Operations monitors status.,VCF Operations admin.,Password rotation via VCF Operations Fleet Management API.,"SSH (port 22), restricted access.; Console access.",Password auth (VCF Ops managed).,Diagnostic and support operations only.,vRNI appliance diagnostic paths.,"Tier 1, Yes/Yes/Yes.",/var/log/auth.log,Accepted password for support,VCF Operations audit log,Alert on support login outside of approved support windows.,web-application.login; web-application.logout; auth-token.login; user.add; user.delete; user.modify; user.update; group.add; group.delete; group.update; password.update; service-accounts.configure; ldap.configure; sso.configure,Yes
VCFOPSNIC-OS-001,Account,vcf-ops-networks,VCF Operations for Networks Collector,consoleuser,System-assigned,OS,1,Console access user for the VCF Operations for Networks Collector appliance. NOT managed by VCF Operations vault or Fleet Management. Managed via CLI only.,"CLI-only lifecycle, no VCF Operations or SDDC Manager API integration.; Managed directly on the Collector appliance.",,Local appliance administrator.,Manual password change via CLI on the Collector appliance.,Console (direct or IPMI/iDRAC access only).,Password auth (local).,Console-level break-glass access on Collector appliance.,Collector appliance console.,"CLI only, not vault-integrated.",/var/log/auth.log,,,Monitor for console login from unexpected sources.,web-application.login; web-application.logout; auth-token.login; user.add; user.delete; user.modify; user.update; group.add; group.delete; group.update; password.update; service-accounts.configure; ldap.configure; sso.configure,No (manual lifecycle)
VCFOPSNIC-OS-002,Account,vcf-ops-networks,VCF Operations for Networks Collector,support,System-assigned,OS,1,Support access user for the VCF Operations for Networks Collector appliance. NOT managed by VCF Operations vault or Fleet Management. Managed via CLI only.,"CLI-only lifecycle, no VCF Operations or SDDC Manager API integration.; Managed directly on the Collector appliance.",,Local appliance administrator.,Manual password change via CLI on the Collector appliance.,"SSH (port 22), restricted.; Console access.",Password auth (local).,Diagnostic and support operations only.,Collector appliance diagnostic paths.,"CLI only, not vault-integrated.",/var/log/auth.log,,,Monitor for login outside of approved support windows.,web-application.login; web-application.logout; auth-token.login; user.add; user.delete; user.modify; user.update; group.add; group.delete; group.update; password.update; service-accounts.configure; ldap.configure; sso.configure,No (manual lifecycle)
VKS-OS-001,Account,vks,VMware vSphere Kubernetes Service,"nonroot, nobody, nginx, UID 65532",65532,OS,3,Non-root container runtime users for VKS workload containers. VKS workloads run as non-root to limit the blast radius of a container escape.,"Non-root container user, no shell, no password.; Pod Security Standards enforce runAsNonRoot.",,,,,,,,,Kubernetes API server audit log (kube-apiserver audit policy),"verb:""create"",""resource"":""serviceaccounts""; ""verb"":""get"",""resource"":""secrets""; ""responseStatus"":{""code"":403}",Kubernetes API server audit log,Alert on unexpected ClusterRole/RoleBinding creation or modification involving this ServiceAccount. Monitor for secrets access from unexpected pods or namespaces. Kubernetes audit policy should capture all 'get/list/watch' on secrets resources.,"serviceaccounts.create; serviceaccounts.patch; secrets.create; secrets.delete; tokenreviews.create; clusterrolebindings.patch; rolebindings.patch; subjectaccessreviews.create [Kubernetes API server audit log, filter on verb+resource+responseStatus]",No (container-native)
VKS-K8S-001,Account,vks,VMware vSphere Kubernetes Service,tanzu-auth-controller-manager-sa,N/A,K8s-ServiceAccount,3,Tanzu Auth Controller Manager (Pinniped) K8s ServiceAccount. Manages OIDC/LDAP authentication federation for VKS guest clusters.,"K8s JWT (projected token, auto-rotated).; RBAC-bound ClusterRole/Role.",K8s token controller manages rotation.,Kubernetes cluster-admin.,ClusterRoleBinding/RoleBinding.,,Kubernetes JWT (projected ServiceAccount token).,secrets:create/update/delete (namespaced); configmaps:get/list; jwtauthenticators:get/list/watch,Pinniped namespace secrets and JWTAuthenticator CRDs.,"Namespace-scoped, appropriate for auth management.",Kubernetes API server audit log (kube-apiserver audit policy),"verb:""create"",""resource"":""serviceaccounts""; ""verb"":""get"",""resource"":""secrets""; ""responseStatus"":{""code"":403}",Kubernetes API server audit log,Alert on unexpected ClusterRole/RoleBinding creation or modification involving this ServiceAccount. Monitor for secrets access from unexpected pods or namespaces. Kubernetes audit policy should capture all 'get/list/watch' on secrets resources.,"serviceaccounts.create; serviceaccounts.patch; secrets.create; secrets.delete; tokenreviews.create; clusterrolebindings.patch; rolebindings.patch; subjectaccessreviews.create [Kubernetes API server audit log, filter on verb+resource+responseStatus]",No (container-native)
VKS-K8S-012,Account,vks,VMware vSphere Kubernetes Service,upgrade-compatibility-service-sa,N/A,K8s-ServiceAccount,3,VKS K8s ServiceAccount: upgrade-compatibility-service-sa,"K8s JWT (projected token, auto-rotated).; RBAC-bound ClusterRole/Role.",K8s token controller manages rotation.,Kubernetes cluster-admin.,ClusterRoleBinding/RoleBinding.,,Kubernetes JWT (projected ServiceAccount token).,,,,Kubernetes API server audit log (kube-apiserver audit policy),"verb:""create"",""resource"":""serviceaccounts""; ""verb"":""get"",""resource"":""secrets""; ""responseStatus"":{""code"":403}",Kubernetes API server audit log,Alert on unexpected ClusterRole/RoleBinding creation or modification involving this ServiceAccount. Monitor for secrets access from unexpected pods or namespaces. Kubernetes audit policy should capture all 'get/list/watch' on secrets resources.,"serviceaccounts.create; serviceaccounts.patch; secrets.create; secrets.delete; tokenreviews.create; clusterrolebindings.patch; rolebindings.patch; subjectaccessreviews.create [Kubernetes API server audit log, filter on verb+resource+responseStatus]",No (container-native)
VKS-K8S-013,Account,vks,VMware vSphere Kubernetes Service,tanzu-addons-manager-package-sa,N/A,K8s-ServiceAccount,3,VKS K8s ServiceAccount: tanzu-addons-manager-package-sa,"K8s JWT (projected token, auto-rotated).; RBAC-bound ClusterRole/Role.",K8s token controller manages rotation.,Kubernetes cluster-admin.,ClusterRoleBinding/RoleBinding.,,Kubernetes JWT (projected ServiceAccount token).,,,,Kubernetes API server audit log (kube-apiserver audit policy),"verb:""create"",""resource"":""serviceaccounts""; ""verb"":""get"",""resource"":""secrets""; ""responseStatus"":{""code"":403}",Kubernetes API server audit log,Alert on unexpected ClusterRole/RoleBinding creation or modification involving this ServiceAccount. Monitor for secrets access from unexpected pods or namespaces. Kubernetes audit policy should capture all 'get/list/watch' on secrets resources.,"serviceaccounts.create; serviceaccounts.patch; secrets.create; secrets.delete; tokenreviews.create; clusterrolebindings.patch; rolebindings.patch; subjectaccessreviews.create [Kubernetes API server audit log, filter on verb+resource+responseStatus]",No (container-native)
VKS-K8S-014,Account,vks,VMware vSphere Kubernetes Service,tanzu-auth-package-sa,N/A,K8s-ServiceAccount,3,VKS K8s ServiceAccount: tanzu-auth-package-sa,"K8s JWT (projected token, auto-rotated).; RBAC-bound ClusterRole/Role.",K8s token controller manages rotation.,Kubernetes cluster-admin.,ClusterRoleBinding/RoleBinding.,,Kubernetes JWT (projected ServiceAccount token).,,,,Kubernetes API server audit log (kube-apiserver audit policy),"verb:""create"",""resource"":""serviceaccounts""; ""verb"":""get"",""resource"":""secrets""; ""responseStatus"":{""code"":403}",Kubernetes API server audit log,Alert on unexpected ClusterRole/RoleBinding creation or modification involving this ServiceAccount. Monitor for secrets access from unexpected pods or namespaces. Kubernetes audit policy should capture all 'get/list/watch' on secrets resources.,"serviceaccounts.create; serviceaccounts.patch; secrets.create; secrets.delete; tokenreviews.create; clusterrolebindings.patch; rolebindings.patch; subjectaccessreviews.create [Kubernetes API server audit log, filter on verb+resource+responseStatus]",No (container-native)
VKS-K8S-015,Account,vks,VMware vSphere Kubernetes Service,tkr-service-package-sa,N/A,K8s-ServiceAccount,3,VKS K8s ServiceAccount: tkr-service-package-sa,"K8s JWT (projected token, auto-rotated).; RBAC-bound ClusterRole/Role.",K8s token controller manages rotation.,Kubernetes cluster-admin.,ClusterRoleBinding/RoleBinding.,,Kubernetes JWT (projected ServiceAccount token).,,,,Kubernetes API server audit log (kube-apiserver audit policy),"verb:""create"",""resource"":""serviceaccounts""; ""verb"":""get"",""resource"":""secrets""; ""responseStatus"":{""code"":403}",Kubernetes API server audit log,Alert on unexpected ClusterRole/RoleBinding creation or modification involving this ServiceAccount. Monitor for secrets access from unexpected pods or namespaces. Kubernetes audit policy should capture all 'get/list/watch' on secrets resources.,"serviceaccounts.create; serviceaccounts.patch; secrets.create; secrets.delete; tokenreviews.create; clusterrolebindings.patch; rolebindings.patch; subjectaccessreviews.create [Kubernetes API server audit log, filter on verb+resource+responseStatus]",No (container-native)
VKS-K8S-016,Account,vks,VMware vSphere Kubernetes Service,tanzu-cliplugins-package-sa,N/A,K8s-ServiceAccount,3,VKS K8s ServiceAccount: tanzu-cliplugins-package-sa,"K8s JWT (projected token, auto-rotated).; RBAC-bound ClusterRole/Role.",K8s token controller manages rotation.,Kubernetes cluster-admin.,ClusterRoleBinding/RoleBinding.,,Kubernetes JWT (projected ServiceAccount token).,,,,Kubernetes API server audit log (kube-apiserver audit policy),"verb:""create"",""resource"":""serviceaccounts""; ""verb"":""get"",""resource"":""secrets""; ""responseStatus"":{""code"":403}",Kubernetes API server audit log,Alert on unexpected ClusterRole/RoleBinding creation or modification involving this ServiceAccount. Monitor for secrets access from unexpected pods or namespaces. Kubernetes audit policy should capture all 'get/list/watch' on secrets resources.,"serviceaccounts.create; serviceaccounts.patch; secrets.create; secrets.delete; tokenreviews.create; clusterrolebindings.patch; rolebindings.patch; subjectaccessreviews.create [Kubernetes API server audit log, filter on verb+resource+responseStatus]",No (container-native)
VKS-K8S-017,Account,vks,VMware vSphere Kubernetes Service,ucs-cert-secret-reader,N/A,K8s-ServiceAccount,3,UCS (Upgrade Compatibility Service) certificate secret reader. Reads TLS certificates for secure internal VKS service communication.,"K8s JWT (projected token, auto-rotated).; RBAC-bound ClusterRole/Role.",K8s token controller manages rotation.,Kubernetes cluster-admin.,ClusterRoleBinding/RoleBinding.,,Kubernetes JWT (projected ServiceAccount token).,secrets:get/list (specific named secrets),TLS certificate secrets in UCS namespace.,"Read-only, scoped to named TLS cert secrets.",Kubernetes API server audit log (kube-apiserver audit policy),"verb:""create"",""resource"":""serviceaccounts""; ""verb"":""get"",""resource"":""secrets""; ""responseStatus"":{""code"":403}",Kubernetes API server audit log,Alert on unexpected ClusterRole/RoleBinding creation or modification involving this ServiceAccount. Monitor for secrets access from unexpected pods or namespaces. Kubernetes audit policy should capture all 'get/list/watch' on secrets resources.,"serviceaccounts.create; serviceaccounts.patch; secrets.create; secrets.delete; tokenreviews.create; clusterrolebindings.patch; rolebindings.patch; subjectaccessreviews.create [Kubernetes API server audit log, filter on verb+resource+responseStatus]",No (container-native)
VKS-K8S-029,Account,vks,VMware vSphere Kubernetes Service,guest-cluster-controller-sa,N/A,K8s-ServiceAccount,3,"VKS Guest Cluster Controller, manages the lifecycle (create/update/delete) of VKS guest Kubernetes clusters running on the Supervisor.","K8s JWT (projected token, auto-rotated).; RBAC-bound ClusterRole/Role.",K8s token controller manages rotation.,Kubernetes cluster-admin.,ClusterRoleBinding/RoleBinding.,,Kubernetes JWT (projected ServiceAccount token).,TanzuKubernetesCluster CRD: CRUD; secrets:get/create (namespaced); vsphere-specific provider CAPI resources: CRUD,VKS guest cluster CRDs across all namespaces.; CAPI cluster infrastructure objects.,Broad but necessary for full cluster lifecycle management.,Kubernetes API server audit log (kube-apiserver audit policy),"verb:""create"",""resource"":""serviceaccounts""; ""verb"":""get"",""resource"":""secrets""; ""responseStatus"":{""code"":403}",Kubernetes API server audit log,Alert on unexpected ClusterRole/RoleBinding creation or modification involving this ServiceAccount. Monitor for secrets access from unexpected pods or namespaces. Kubernetes audit policy should capture all 'get/list/watch' on secrets resources.,"serviceaccounts.create; serviceaccounts.patch; secrets.create; secrets.delete; tokenreviews.create; clusterrolebindings.patch; rolebindings.patch; subjectaccessreviews.create [Kubernetes API server audit log, filter on verb+resource+responseStatus]",No (container-native)
VKS-K8S-033,Account,vks,VMware vSphere Kubernetes Service,tkgs-config-pkg-sa,N/A,K8s-ServiceAccount,3,VKS K8s ServiceAccount: tkgs-config-pkg-sa,"K8s JWT (projected token, auto-rotated).; RBAC-bound ClusterRole/Role.",K8s token controller manages rotation.,Kubernetes cluster-admin.,ClusterRoleBinding/RoleBinding.,,Kubernetes JWT (projected ServiceAccount token).,,,,Kubernetes API server audit log (kube-apiserver audit policy),"verb:""create"",""resource"":""serviceaccounts""; ""verb"":""get"",""resource"":""secrets""; ""responseStatus"":{""code"":403}",Kubernetes API server audit log,Alert on unexpected ClusterRole/RoleBinding creation or modification involving this ServiceAccount. Monitor for secrets access from unexpected pods or namespaces. Kubernetes audit policy should capture all 'get/list/watch' on secrets resources.,"serviceaccounts.create; serviceaccounts.patch; secrets.create; secrets.delete; tokenreviews.create; clusterrolebindings.patch; rolebindings.patch; subjectaccessreviews.create [Kubernetes API server audit log, filter on verb+resource+responseStatus]",No (container-native)
VKS-K8S-034,Account,vks,VMware vSphere Kubernetes Service,tanzu-cluster-api-control-plane-kubeadm-pkg-sa,N/A,K8s-ServiceAccount,3,VKS K8s ServiceAccount: tanzu-cluster-api-control-plane-kubeadm-pkg-sa,"K8s JWT (projected token, auto-rotated).; RBAC-bound ClusterRole/Role.",K8s token controller manages rotation.,Kubernetes cluster-admin.,ClusterRoleBinding/RoleBinding.,,Kubernetes JWT (projected ServiceAccount token).,,,,Kubernetes API server audit log (kube-apiserver audit policy),"verb:""create"",""resource"":""serviceaccounts""; ""verb"":""get"",""resource"":""secrets""; ""responseStatus"":{""code"":403}",Kubernetes API server audit log,Alert on unexpected ClusterRole/RoleBinding creation or modification involving this ServiceAccount. Monitor for secrets access from unexpected pods or namespaces. Kubernetes audit policy should capture all 'get/list/watch' on secrets resources.,"serviceaccounts.create; serviceaccounts.patch; secrets.create; secrets.delete; tokenreviews.create; clusterrolebindings.patch; rolebindings.patch; subjectaccessreviews.create [Kubernetes API server audit log, filter on verb+resource+responseStatus]",No (container-native)
VKS-K8S-035,Account,vks,VMware vSphere Kubernetes Service,upgrade-compatibility-service-pkg-sa,N/A,K8s-ServiceAccount,3,VKS K8s ServiceAccount: upgrade-compatibility-service-pkg-sa,"K8s JWT (projected token, auto-rotated).; RBAC-bound ClusterRole/Role.",K8s token controller manages rotation.,Kubernetes cluster-admin.,ClusterRoleBinding/RoleBinding.,,Kubernetes JWT (projected ServiceAccount token).,,,,Kubernetes API server audit log (kube-apiserver audit policy),"verb:""create"",""resource"":""serviceaccounts""; ""verb"":""get"",""resource"":""secrets""; ""responseStatus"":{""code"":403}",Kubernetes API server audit log,Alert on unexpected ClusterRole/RoleBinding creation or modification involving this ServiceAccount. Monitor for secrets access from unexpected pods or namespaces. Kubernetes audit policy should capture all 'get/list/watch' on secrets resources.,"serviceaccounts.create; serviceaccounts.patch; secrets.create; secrets.delete; tokenreviews.create; clusterrolebindings.patch; rolebindings.patch; subjectaccessreviews.create [Kubernetes API server audit log, filter on verb+resource+responseStatus]",No (container-native)
VKS-K8S-036,Account,vks,VMware vSphere Kubernetes Service,runtime-extension-pkg-sa,N/A,K8s-ServiceAccount,3,VKS K8s ServiceAccount: runtime-extension-pkg-sa,"K8s JWT (projected token, auto-rotated).; RBAC-bound ClusterRole/Role.",K8s token controller manages rotation.,Kubernetes cluster-admin.,ClusterRoleBinding/RoleBinding.,,Kubernetes JWT (projected ServiceAccount token).,,,,Kubernetes API server audit log (kube-apiserver audit policy),"verb:""create"",""resource"":""serviceaccounts""; ""verb"":""get"",""resource"":""secrets""; ""responseStatus"":{""code"":403}",Kubernetes API server audit log,Alert on unexpected ClusterRole/RoleBinding creation or modification involving this ServiceAccount. Monitor for secrets access from unexpected pods or namespaces. Kubernetes audit policy should capture all 'get/list/watch' on secrets resources.,"serviceaccounts.create; serviceaccounts.patch; secrets.create; secrets.delete; tokenreviews.create; clusterrolebindings.patch; rolebindings.patch; subjectaccessreviews.create [Kubernetes API server audit log, filter on verb+resource+responseStatus]",No (container-native)
VKS-K8S-037,Account,vks,VMware vSphere Kubernetes Service,capv-manager,N/A,K8s-ServiceAccount,3,Cluster API Provider for vSphere (CAPV) manager. Provisions and manages vSphere VMs for CAPI cluster control planes and worker nodes.,"K8s JWT (projected token, auto-rotated).; RBAC-bound ClusterRole/Role.",K8s token controller manages rotation.,Kubernetes cluster-admin.,ClusterRoleBinding/RoleBinding.,,Kubernetes JWT (projected ServiceAccount token).,VSphereMachine/VSphereCuster CRDs: CRUD (cluster-wide); secrets:get/list for vCenter credentials,CAPV infrastructure CRDs cluster-wide.; vCenter credential secrets.,Cluster-wide access required for multi-namespace CAPI deployments.,Kubernetes API server audit log (kube-apiserver audit policy),"verb:""create"",""resource"":""serviceaccounts""; ""verb"":""get"",""resource"":""secrets""; ""responseStatus"":{""code"":403}",Kubernetes API server audit log,Alert on unexpected ClusterRole/RoleBinding creation or modification involving this ServiceAccount. Monitor for secrets access from unexpected pods or namespaces. Kubernetes audit policy should capture all 'get/list/watch' on secrets resources.,"serviceaccounts.create; serviceaccounts.patch; secrets.create; secrets.delete; tokenreviews.create; clusterrolebindings.patch; rolebindings.patch; subjectaccessreviews.create [Kubernetes API server audit log, filter on verb+resource+responseStatus]",No (container-native)
VKS-K8S-038,Account,vks,VMware vSphere Kubernetes Service,guest-cluster-controller-pkg-sa,N/A,K8s-ServiceAccount,3,VKS K8s ServiceAccount: guest-cluster-controller-pkg-sa,"K8s JWT (projected token, auto-rotated).; RBAC-bound ClusterRole/Role.",K8s token controller manages rotation.,Kubernetes cluster-admin.,ClusterRoleBinding/RoleBinding.,,Kubernetes JWT (projected ServiceAccount token).,,,,Kubernetes API server audit log (kube-apiserver audit policy),"verb:""create"",""resource"":""serviceaccounts""; ""verb"":""get"",""resource"":""secrets""; ""responseStatus"":{""code"":403}",Kubernetes API server audit log,Alert on unexpected ClusterRole/RoleBinding creation or modification involving this ServiceAccount. Monitor for secrets access from unexpected pods or namespaces. Kubernetes audit policy should capture all 'get/list/watch' on secrets resources.,"serviceaccounts.create; serviceaccounts.patch; secrets.create; secrets.delete; tokenreviews.create; clusterrolebindings.patch; rolebindings.patch; subjectaccessreviews.create [Kubernetes API server audit log, filter on verb+resource+responseStatus]",No (container-native)
VKS-K8S-039,Account,vks,VMware vSphere Kubernetes Service,tanzu-cluster-api-provider-vsphere-pkg-sa,N/A,K8s-ServiceAccount,3,VKS K8s ServiceAccount: tanzu-cluster-api-provider-vsphere-pkg-sa,"K8s JWT (projected token, auto-rotated).; RBAC-bound ClusterRole/Role.",K8s token controller manages rotation.,Kubernetes cluster-admin.,ClusterRoleBinding/RoleBinding.,,Kubernetes JWT (projected ServiceAccount token).,,,,Kubernetes API server audit log (kube-apiserver audit policy),"verb:""create"",""resource"":""serviceaccounts""; ""verb"":""get"",""resource"":""secrets""; ""responseStatus"":{""code"":403}",Kubernetes API server audit log,Alert on unexpected ClusterRole/RoleBinding creation or modification involving this ServiceAccount. Monitor for secrets access from unexpected pods or namespaces. Kubernetes audit policy should capture all 'get/list/watch' on secrets resources.,"serviceaccounts.create; serviceaccounts.patch; secrets.create; secrets.delete; tokenreviews.create; clusterrolebindings.patch; rolebindings.patch; subjectaccessreviews.create [Kubernetes API server audit log, filter on verb+resource+responseStatus]",No (container-native)
VKS-K8S-041,Account,vks,VMware vSphere Kubernetes Service,tanzu-cluster-api-bootstrap-kubeadm-pkg-sa,N/A,K8s-ServiceAccount,3,VKS K8s ServiceAccount: tanzu-cluster-api-bootstrap-kubeadm-pkg-sa,"K8s JWT (projected token, auto-rotated).; RBAC-bound ClusterRole/Role.",K8s token controller manages rotation.,Kubernetes cluster-admin.,ClusterRoleBinding/RoleBinding.,,Kubernetes JWT (projected ServiceAccount token).,,,,Kubernetes API server audit log (kube-apiserver audit policy),"verb:""create"",""resource"":""serviceaccounts""; ""verb"":""get"",""resource"":""secrets""; ""responseStatus"":{""code"":403}",Kubernetes API server audit log,Alert on unexpected ClusterRole/RoleBinding creation or modification involving this ServiceAccount. Monitor for secrets access from unexpected pods or namespaces. Kubernetes audit policy should capture all 'get/list/watch' on secrets resources.,"serviceaccounts.create; serviceaccounts.patch; secrets.create; secrets.delete; tokenreviews.create; clusterrolebindings.patch; rolebindings.patch; subjectaccessreviews.create [Kubernetes API server audit log, filter on verb+resource+responseStatus]",No (container-native)
VKS-K8S-042,Account,vks,VMware vSphere Kubernetes Service,tanzu-cluster-api-pkg-sa,N/A,K8s-ServiceAccount,3,VKS K8s ServiceAccount: tanzu-cluster-api-pkg-sa,"K8s JWT (projected token, auto-rotated).; RBAC-bound ClusterRole/Role.",K8s token controller manages rotation.,Kubernetes cluster-admin.,ClusterRoleBinding/RoleBinding.,,Kubernetes JWT (projected ServiceAccount token).,,,,Kubernetes API server audit log (kube-apiserver audit policy),"verb:""create"",""resource"":""serviceaccounts""; ""verb"":""get"",""resource"":""secrets""; ""responseStatus"":{""code"":403}",Kubernetes API server audit log,Alert on unexpected ClusterRole/RoleBinding creation or modification involving this ServiceAccount. Monitor for secrets access from unexpected pods or namespaces. Kubernetes audit policy should capture all 'get/list/watch' on secrets resources.,"serviceaccounts.create; serviceaccounts.patch; secrets.create; secrets.delete; tokenreviews.create; clusterrolebindings.patch; rolebindings.patch; subjectaccessreviews.create [Kubernetes API server audit log, filter on verb+resource+responseStatus]",No (container-native)
VMSP-SVC-001,Account,vmsp,VCF Management Services (VCFMS),svc-vcfsp-vc-admin-<uid>@vsphere.local,N/A,InterComponent,2,VCF Services Platform admin-role service account for VMSP to vCenter communication. Bound to VCF Services Platform Admin role for tenant orchestration operations.,Fully automated. Created at bootstrap; NOT in OAuth 2.0 migration scope for VCF 9.x. Auto-rotates every 30 days.,"VMSP manages rotation on 30-day schedule. If deployment aborts, orphaned instances may remain in vCenter Directory requiring manual purge.","VMSP admin, vCenter SSO admin",Automated 30-day rotation. Orphan cleanup via vCenter Directory if deployment fails.,vSphere REST API (HTTPS port 443).,Username and password against vSphere SSO.,"vCenter operations required for tenant orchestration, VCF Services Platform Admin role operations, tenant lifecycle management.",vCenter tenant orchestration objects.,Tier 2 inter-component. Scoped to VMSP Admin role.,/var/log/vcf/vcfsp/audit.log,serviceaccounts.create; secrets.create,/var/log/vcf/vcfsp/audit.log,Monitor vCenter Directory for orphaned service accounts or failed deployment traces.,serviceaccounts.create; secrets.create; secrets.delete,Yes
VMSP-SVC-002,Account,vmsp,VCF Management Services (VCFMS),svc-vcfsp-vc-<uid>@vsphere.local,N/A,InterComponent,2,VCF Services Platform standard-role service account for VMSP to vCenter communication. Bound to VCF Services Platform role for monitoring and telemetry.,Fully automated. NOT in OAuth migration scope. Continuous system-managed auto-rotation every 30 days with no password expiration set.,VMSP manages rotation schedule. Orphan cleanup required if deployment aborts.,"VMSP admin, vCenter SSO admin",Automated 30-day rotation. Orphan cleanup via vCenter Directory if deployment fails.,vSphere REST API (HTTPS port 443).,Username and password against vSphere SSO.,"vCenter monitoring and telemetry data collection, VCF Services Platform role operations.",vCenter monitoring and telemetry data streams.,Tier 2 inter-component. Scoped to VMSP Runtime role.,/var/log/vcf/vcfsp/audit.log,serviceaccounts.create; secrets.create,/var/log/vcf/vcfsp/audit.log,Monitor vCenter Directory for orphaned service accounts or failed deployment traces.,serviceaccounts.create; secrets.create; secrets.delete,Yes
VMSP-INV-001,Account,vmsp,VCF Management Services (VCFMS),controller-manager,N/A,K8s-ServiceAccount,3,Used by vmsp-agent controller to connect to K8s API server (cluster-wide),Credential stored in: K8s projected ServiceAccount token (auto-mounted),,,,Accessed by: vmsp-agent controller,K8s projected ServiceAccount token (auto-mounted),ClusterRole: get/list/watch on nodes; pods; secrets; namespaces; PVCs; PVs; services; configmaps; deployments; daemonsets; statefulsets; CRDs; Cluster API objects; VMSP CRDs. pods/exec: create. CRUD on workflow.vmsp.vmware.com/tasks.,Connects to: K8s API server (cluster-wide),,Kubernetes API server audit log (kube-apiserver audit policy),"verb:""create"",""resource"":""serviceaccounts""; ""verb"":""get"",""resource"":""secrets""; ""responseStatus"":{""code"":403}",Kubernetes API server audit log,Alert on unexpected ClusterRole/RoleBinding creation or modification involving this ServiceAccount. Monitor for secrets access from unexpected pods or namespaces. Kubernetes audit policy should capture all 'get/list/watch' on secrets resources.,"serviceaccounts.create; serviceaccounts.patch; secrets.create; secrets.delete; tokenreviews.create; clusterrolebindings.patch; rolebindings.patch; subjectaccessreviews.create [Kubernetes API server audit log, filter on verb+resource+responseStatus]",No (container-native)
VMSP-INV-002,Account,vmsp,VCF Management Services (VCFMS),vmsp-upgrade-operator,N/A,K8s-ServiceAccount,3,Used by vmsp-upgrade-operator controller to connect to K8s API server + node-agent at ${NODEIP}:5480,Credential stored in: K8s projected ServiceAccount token,,,,Accessed by: vmsp-upgrade-operator controller,K8s projected ServiceAccount token,,Connects to: K8s API server + node-agent at ${NODEIP}:5480,,Kubernetes API server audit log (kube-apiserver audit policy),"verb:""create"",""resource"":""serviceaccounts""; ""verb"":""get"",""resource"":""secrets""; ""responseStatus"":{""code"":403}",Kubernetes API server audit log,Alert on unexpected ClusterRole/RoleBinding creation or modification involving this ServiceAccount. Monitor for secrets access from unexpected pods or namespaces. Kubernetes audit policy should capture all 'get/list/watch' on secrets resources.,"serviceaccounts.create; serviceaccounts.patch; secrets.create; secrets.delete; tokenreviews.create; clusterrolebindings.patch; rolebindings.patch; subjectaccessreviews.create [Kubernetes API server audit log, filter on verb+resource+responseStatus]",No (container-native)
VMSP-INV-003,Account,vmsp,VCF Management Services (VCFMS),vmsp-identity,N/A,K8s-ServiceAccount,3,"Used by vmsp-identity-auth-service to connect to K8s API server (webhook), external OAuth providers (runtime-configured)",Credential stored in: K8s projected token + runtime-injected Secret (JWT signing key),,,,Accessed by: vmsp-identity-auth-service,Kubernetes JWT (projected ServiceAccount token); Runtime-injected credential (deployment-time),ClusterRole: admission webhook tokenreviews/subjectaccessreviews. JWT issuing via auth service on :3001.,"Connects to: K8s API server (webhook), external OAuth providers (runtime-configured)",,Kubernetes API server audit log (kube-apiserver audit policy),"verb:""create"",""resource"":""serviceaccounts""; ""verb"":""get"",""resource"":""secrets""; ""responseStatus"":{""code"":403}",Kubernetes API server audit log,Alert on unexpected ClusterRole/RoleBinding creation or modification involving this ServiceAccount. Monitor for secrets access from unexpected pods or namespaces. Kubernetes audit policy should capture all 'get/list/watch' on secrets resources.,"serviceaccounts.create; serviceaccounts.patch; secrets.create; secrets.delete; tokenreviews.create; clusterrolebindings.patch; rolebindings.patch; subjectaccessreviews.create [Kubernetes API server audit log, filter on verb+resource+responseStatus]",No (container-native)
VMSP-INV-005,Account,vmsp,VCF Management Services (VCFMS),volume-resize,N/A,K8s-ServiceAccount,3,Used by vmsp-scripts volume-resize Job to connect to K8s API server,Credential stored in: K8s projected ServiceAccount token,,,,Accessed by: vmsp-scripts volume-resize Job,K8s projected ServiceAccount token,ClusterRole: get/list/patch/create/delete on StatefulSets; list/get/patch on PVCs and PackageDeployments; secrets: get; delete on Loggings/EventTailers.,Connects to: K8s API server,,Kubernetes API server audit log (kube-apiserver audit policy),"verb:""create"",""resource"":""serviceaccounts""; ""verb"":""get"",""resource"":""secrets""; ""responseStatus"":{""code"":403}",Kubernetes API server audit log,Alert on unexpected ClusterRole/RoleBinding creation or modification involving this ServiceAccount. Monitor for secrets access from unexpected pods or namespaces. Kubernetes audit policy should capture all 'get/list/watch' on secrets resources.,"serviceaccounts.create; serviceaccounts.patch; secrets.create; secrets.delete; tokenreviews.create; clusterrolebindings.patch; rolebindings.patch; subjectaccessreviews.create [Kubernetes API server audit log, filter on verb+resource+responseStatus]",No (container-native)
VMSP-INV-006,Account,vmsp,VCF Management Services (VCFMS),support-bundle,N/A,K8s-ServiceAccount,3,Used by support-bundle operator to connect to K8s API server (cluster-wide read),Credential stored in: K8s projected ServiceAccount token,,,,Accessed by: support-bundle operator,K8s projected ServiceAccount token,ClusterRole: broad read access for diagnostics collection (pods; events; logs; configmaps).,Connects to: K8s API server (cluster-wide read),,Kubernetes API server audit log (kube-apiserver audit policy),"verb:""create"",""resource"":""serviceaccounts""; ""verb"":""get"",""resource"":""secrets""; ""responseStatus"":{""code"":403}",Kubernetes API server audit log,Alert on unexpected ClusterRole/RoleBinding creation or modification involving this ServiceAccount. Monitor for secrets access from unexpected pods or namespaces. Kubernetes audit policy should capture all 'get/list/watch' on secrets resources.,"serviceaccounts.create; serviceaccounts.patch; secrets.create; secrets.delete; tokenreviews.create; clusterrolebindings.patch; rolebindings.patch; subjectaccessreviews.create [Kubernetes API server audit log, filter on verb+resource+responseStatus]",No (container-native)
VMSP-INV-007,Account,vmsp,VCF Management Services (VCFMS),vmsp-argo-workflow,N/A,K8s-ServiceAccount,3,Used by Argo Workflow engine (support-bundle workflow execution) to connect to K8s API server + Argo Workflow API,Credential stored in: K8s projected ServiceAccount token,,,,Accessed by: Argo Workflow engine (support-bundle workflow execution),K8s projected ServiceAccount token,Argo Workflow RBAC (list/create/watch Workflows),Connects to: K8s API server + Argo Workflow API,,Kubernetes API server audit log (kube-apiserver audit policy),"verb:""create"",""resource"":""serviceaccounts""; ""verb"":""get"",""resource"":""secrets""; ""responseStatus"":{""code"":403}",Kubernetes API server audit log,Alert on unexpected ClusterRole/RoleBinding creation or modification involving this ServiceAccount. Monitor for secrets access from unexpected pods or namespaces. Kubernetes audit policy should capture all 'get/list/watch' on secrets resources.,"serviceaccounts.create; serviceaccounts.patch; secrets.create; secrets.delete; tokenreviews.create; clusterrolebindings.patch; rolebindings.patch; subjectaccessreviews.create [Kubernetes API server audit log, filter on verb+resource+responseStatus]",No (container-native)
VMSP-INV-008,Account,vmsp,VCF Management Services (VCFMS),logcopier,N/A,K8s-ServiceAccount,3,Used by Log-copier DaemonSet to connect to K8s API server (pod logs),Credential stored in: K8s projected ServiceAccount token,,,,Accessed by: Log-copier DaemonSet,K8s projected ServiceAccount token,Role: read pod logs in vmsp-platform namespace,Connects to: K8s API server (pod logs),,Kubernetes API server audit log (kube-apiserver audit policy),"verb:""create"",""resource"":""serviceaccounts""; ""verb"":""get"",""resource"":""secrets""; ""responseStatus"":{""code"":403}",Kubernetes API server audit log,Alert on unexpected ClusterRole/RoleBinding creation or modification involving this ServiceAccount. Monitor for secrets access from unexpected pods or namespaces. Kubernetes audit policy should capture all 'get/list/watch' on secrets resources.,"serviceaccounts.create; serviceaccounts.patch; secrets.create; secrets.delete; tokenreviews.create; clusterrolebindings.patch; rolebindings.patch; subjectaccessreviews.create [Kubernetes API server audit log, filter on verb+resource+responseStatus]",No (container-native)
VMSP-INV-009,Account,vmsp,VCF Management Services (VCFMS),metadata-service,N/A,K8s-ServiceAccount,3,Used by metadata-service on :9001 to connect to K8s API server,Credential stored in: K8s projected ServiceAccount token,,,,Accessed by: metadata-service on :9001,K8s projected ServiceAccount token,Role: configmap/secret read in namespace (inferred from RoleBinding),Connects to: K8s API server,,Kubernetes API server audit log (kube-apiserver audit policy),"verb:""create"",""resource"":""serviceaccounts""; ""verb"":""get"",""resource"":""secrets""; ""responseStatus"":{""code"":403}",Kubernetes API server audit log,Alert on unexpected ClusterRole/RoleBinding creation or modification involving this ServiceAccount. Monitor for secrets access from unexpected pods or namespaces. Kubernetes audit policy should capture all 'get/list/watch' on secrets resources.,"serviceaccounts.create; serviceaccounts.patch; secrets.create; secrets.delete; tokenreviews.create; clusterrolebindings.patch; rolebindings.patch; subjectaccessreviews.create [Kubernetes API server audit log, filter on verb+resource+responseStatus]",No (container-native)
VMSP-INV-010,Account,vmsp,VCF Management Services (VCFMS),ndc-controller-manager,N/A,K8s-ServiceAccount,3,Used by ndc (Node Diagnostic Controller) to connect to K8s API server (node resources),Credential stored in: K8s projected ServiceAccount token,,,,Accessed by: ndc (Node Diagnostic Controller),K8s projected ServiceAccount token,ClusterRole: node diagnostics (get/list nodes; pods; events) + leader-election Role,Connects to: K8s API server (node resources),,Kubernetes API server audit log (kube-apiserver audit policy),"verb:""create"",""resource"":""serviceaccounts""; ""verb"":""get"",""resource"":""secrets""; ""responseStatus"":{""code"":403}",Kubernetes API server audit log,Alert on unexpected ClusterRole/RoleBinding creation or modification involving this ServiceAccount. Monitor for secrets access from unexpected pods or namespaces. Kubernetes audit policy should capture all 'get/list/watch' on secrets resources.,"serviceaccounts.create; serviceaccounts.patch; secrets.create; secrets.delete; tokenreviews.create; clusterrolebindings.patch; rolebindings.patch; subjectaccessreviews.create [Kubernetes API server audit log, filter on verb+resource+responseStatus]",No (container-native)
VMSP-INV-011,Account,vmsp,VCF Management Services (VCFMS),vmsp-tunnel,N/A,K8s-ServiceAccount,3,Used by vmsp-tunnel service to connect to K8s API server,Credential stored in: K8s projected ServiceAccount token,,,,Accessed by: vmsp-tunnel service,K8s projected ServiceAccount token,Minimal (tunnel management),Connects to: K8s API server,,Kubernetes API server audit log (kube-apiserver audit policy),"verb:""create"",""resource"":""serviceaccounts""; ""verb"":""get"",""resource"":""secrets""; ""responseStatus"":{""code"":403}",Kubernetes API server audit log,Alert on unexpected ClusterRole/RoleBinding creation or modification involving this ServiceAccount. Monitor for secrets access from unexpected pods or namespaces. Kubernetes audit policy should capture all 'get/list/watch' on secrets resources.,"serviceaccounts.create; serviceaccounts.patch; secrets.create; secrets.delete; tokenreviews.create; clusterrolebindings.patch; rolebindings.patch; subjectaccessreviews.create [Kubernetes API server audit log, filter on verb+resource+responseStatus]",No (container-native)
VMSP-INV-012,Account,vmsp,VCF Management Services (VCFMS),vmsp-hooks,N/A,K8s-ServiceAccount,3,Used by vmsp-hooks webhook handler + log config to connect to K8s API server,Credential stored in: K8s projected ServiceAccount token,,,,Accessed by: vmsp-hooks webhook handler + log config,K8s projected ServiceAccount token,Hooks Role (create/watch Events) + logconfig ClusterRole,Connects to: K8s API server,,Kubernetes API server audit log (kube-apiserver audit policy),"verb:""create"",""resource"":""serviceaccounts""; ""verb"":""get"",""resource"":""secrets""; ""responseStatus"":{""code"":403}",Kubernetes API server audit log,Alert on unexpected ClusterRole/RoleBinding creation or modification involving this ServiceAccount. Monitor for secrets access from unexpected pods or namespaces. Kubernetes audit policy should capture all 'get/list/watch' on secrets resources.,"serviceaccounts.create; serviceaccounts.patch; secrets.create; secrets.delete; tokenreviews.create; clusterrolebindings.patch; rolebindings.patch; subjectaccessreviews.create [Kubernetes API server audit log, filter on verb+resource+responseStatus]",No (container-native)
VMSP-INV-013,Account,vmsp,VCF Management Services (VCFMS),vmsp-cluster,N/A,K8s-ServiceAccount,3,Used by Cluster lifecycle management to connect to K8s API server (Cluster API resources),Credential stored in: K8s projected ServiceAccount token,,,,Accessed by: Cluster lifecycle management,K8s projected ServiceAccount token,ClusterRole: Cluster API CRUD,Connects to: K8s API server (Cluster API resources),,Kubernetes API server audit log (kube-apiserver audit policy),"verb:""create"",""resource"":""serviceaccounts""; ""verb"":""get"",""resource"":""secrets""; ""responseStatus"":{""code"":403}",Kubernetes API server audit log,Alert on unexpected ClusterRole/RoleBinding creation or modification involving this ServiceAccount. Monitor for secrets access from unexpected pods or namespaces. Kubernetes audit policy should capture all 'get/list/watch' on secrets resources.,"serviceaccounts.create; serviceaccounts.patch; secrets.create; secrets.delete; tokenreviews.create; clusterrolebindings.patch; rolebindings.patch; subjectaccessreviews.create [Kubernetes API server audit log, filter on verb+resource+responseStatus]",No (container-native)
VMSP-SEC-001,Object,vmsp,VCF Management Services (VCFMS),JWT signing key (runtime),N/A,Signing key,,Used by vmsp-identity-auth-service to connect to Issues JWTs consumed by all VMSP services,Credential stored in: K8s Secret (mechanism unconfirmed in source),,,,Accessed by: vmsp-identity-auth-service,Kubernetes Secret,Sign/verify all VMSP JWTs,Connects to: Issues JWTs consumed by all VMSP services,,,,,,serviceaccounts.create; serviceaccounts.patch; secrets.create; secrets.delete; tokenreviews.create; clusterrolebindings.patch; rolebindings.patch; subjectaccessreviews.create,Not applicable
VMSP-SEC-002,Object,vmsp,VCF Management Services (VCFMS),Node-agent TLS client certificate,N/A,Certificate,,Used by vmsp-upgrade-operator to connect to vmsp-agent at node:5480,"Credential stored in: TLS cert, source unclear (may be cluster CA-issued)",,,,Accessed by: vmsp-upgrade-operator,"TLS cert, source unclear (may be cluster CA-issued)",Authenticate upgrade operator to node-agent,Connects to: vmsp-agent at node:5480,,,,,,serviceaccounts.create; serviceaccounts.patch; secrets.create; secrets.delete; tokenreviews.create; clusterrolebindings.patch; rolebindings.patch; subjectaccessreviews.create,Not applicable
VMSP-OS-001,Account,vmsp,VCF Management Services (VCFMS),vmware-system-user,System-assigned,OS,1,Built-in OS service user for VCF Management Services Platform (VMSP). Integrates VMSP runtime environment services and orchestration platform user profiles into the VCF Operations Fleet Management pipeline. Fully managed in VCF 9.1.,Password managed by VCF Operations Fleet Management Engine.; CyberArk vault integration supported.,VCF Operations monitors status.,VCF Operations admin.,Password rotation via VCF Operations Fleet Management API.,"Internal VMSP platform operations only, not exposed externally.",VCF Operations API (programmatic).,VMSP internal environment services orchestration.,VMSP runtime environment.,"Tier 1, Yes/Yes/Yes. Listed in Section 2 OOTB Integration Matrix under VCF Management Services.",,,VCF Operations audit log,Monitor for unexpected service operations under this identity.,"serviceaccounts.create; serviceaccounts.patch; secrets.create; secrets.delete; tokenreviews.create; clusterrolebindings.patch; rolebindings.patch; subjectaccessreviews.create [Kubernetes API server audit log, filter on verb+resource+responseStatus]",Yes
SDDCM-SVC-003,Account,sddc-manager,SDDC Manager,svc-sddc-manager-<hostname>-nsx-vip-<hostname>-<uid>,N/A,InterComponent,2,Inter-component service account used by SDDC Manager to communicate with NSX Manager VIP during network domain creation and management.,System-managed rotation every 30 days by default (90-day password expiration window).,SDDC Manager tracks credential state and updates its local credential store.,SDDC Manager admin,Fully automated system rotation every 30 days.,NSX Manager REST API (HTTPS port 443).,Username and password.,"NSX Manager transport node setup, edge cluster configuration, overlay network orchestration.",NSX Manager management plane objects.,Tier 2 inter-component. Not externally accessible.,/var/log/vmware/vcf/operationsmanager/operationsmanager.log,PasswordAudit:Received request for credentials lookup,/var/log/vmware/vcf/operationsmanager/audit/password-events/audit-events.log,Monitor for unexpected NSX network domain modifications or authentication failures.,account.login; account.login.failed; credential.update,No (platform-managed)
SDDCM-SVC-004,Account,sddc-manager,SDDC Manager,svc-sddc-manager-<sddc-hostname>-hcx-<hcx-hostname>,N/A,InterComponent,2,Inter-component service account used by SDDC Manager to communicate with HCX Appliance during advanced service deployment.,Password produced via vCenter SSO and managed against standard programmatic calendar tasks.,SDDC Manager tracks credential metadata in its credential store.,"SDDC Manager admin, vCenter SSO admin",Fully automated scheduled rotation via SDDC Manager orchestration.,Internal SDDC Manager to HCX Manager REST API (HTTPS port 443).,Username and password.,"HCX appliance registration, activation, and management during workload domain expansion.",HCX Manager configuration objects.,Tier 2 inter-component. Not externally accessible.,/var/log/vmware/vcf/operationsmanager/operationsmanager.log,PasswordAudit:Received request for credentials lookup,/var/log/vmware/vcf/operationsmanager/audit/password-events/audit-events.log,Monitor for unexpected HCX management operations or authentication failures.,account.login; account.login.failed; credential.update,No (platform-managed)
HCX-SVC-002,Account,hcx,VMware HCX,svc-hcx-vcenter-<hostname>,N/A,InterComponent,2,Inter-component service account created during HCX deployment for HCX Manager to vCenter Server communication.,Managed natively inside HCX configuration engine on automated internal loops.,HCX Manager maintains credential state in internal configuration.,HCX Manager admin,Fully automated internal rotation loop.,Internal HCX Manager to vCenter API (HTTPS port 443).,Username and password.,"vCenter inventory lookup, VM migration management, network extension registration.",vCenter inventory objects required for HCX migration.,Tier 2 inter-component. Not externally accessible.,/opt/vmware/hcx/logs/app/app.log,vpxuser login; vpxuser API session,/opt/vmware/hcx/logs/admin/audit.log,Monitor for unexpected vCenter inventory queries or auth failures.,"Not yet in VCF 9.1 audit standardization scope, monitor via component-native logs",No (platform-managed)
HCX-SVC-003,Account,hcx,VMware HCX,svc-hcx-nsx-<hostname>,N/A,InterComponent,2,Inter-component service account created for HCX Manager to NSX Manager integration.,Enforces NSX password complexity guidelines; updates executed via internal HCX platform tasks.,HCX Manager tracks rotation schedule.,"HCX Manager admin, NSX Manager admin",Fully automated internal platform tasks.,Internal HCX Manager to NSX Manager REST API (HTTPS port 443).,Username and password.,"NSX overlay segment creation for HCX Network Extension, security group configuration.",NSX overlay networks and security policy objects.,Tier 2 inter-component. Not externally accessible.,/opt/vmware/hcx/logs/app/app.log,"session.create, session.destroy",/opt/vmware/hcx/logs/admin/audit.log,Monitor for unexpected NSX network extension or segment changes.,"Not yet in VCF 9.1 audit standardization scope, monitor via component-native logs",No (platform-managed)
VCFOPS-SVC-002,Account,vcf-ops,VCF Operations Console,svc-ops-nsx-<uid>,N/A,InterComponent,2,Inter-component machine token used by VCF Operations to connect to NSX Manager for network topology and metrics collection.,System-defined machine token regulated natively via standard 90-day rotation intervals.,VCF Operations engine manages token lifecycle.,VCF Operations admin,Fully automated system token rotation every 90 days.,Internal VCF Operations to NSX Manager REST API (HTTPS port 443).,Machine token / Bearer token.,"NSX inventory metrics collection, network topology discovery, health monitoring.",NSX Manager monitoring metrics.,Tier 2 inter-component. Not externally accessible.,/storage/log/vcops/log/analytics.audit.log,AUTHENTICATION_LOGIN,/storage/log/vcops/log/analytics.audit.log,Monitor for metrics collection token authentication failures.,authentication.login; authentication.logout; vcf_password_management.update_password,No (platform-managed)
VCFOPSNI-SVC-001,Account,vcf-ops-networks,VCF Operations for Networks,svc-ni-vc-<hostname>,N/A,InterComponent,2,Inter-component service account created during Cloud Connector setup for VCF Operations for Networks to vCenter Server integration.,Generated securely during Cloud Connector setup; follows standard 90-day rotation profiles.,VCF Operations for Networks manages rotation schedule.,"Networks admin, vCenter admin",Fully automated standard rotation profiles.,Internal Networks Collector to vCenter API (HTTPS port 443).,Username and password.,"vCenter network topology, VM traffic flow analysis, inventory discovery.",vCenter network inventory read access.,Tier 2 inter-component. Read-only network analytics access.,/var/log/arkkin/audit.log,"web-application.login, web-application.logout",/var/log/arkkin/audit.log,Monitor for unexpected network inventory queries or auth failures.,web-application.login; web-application.logout; service-accounts.configure,No (platform-managed)
LOG-SVC-001,Account,vcf-log-management,VCF Log Management,svc-li-vc-<hostname>,N/A,InterComponent,2,Inter-component service account created during vCenter integration for VCF Log Management (Log Insight) log collection.,Produced via internal configuration parameters; standard scheduled updates apply.,VCF Log Management manages integration credentials.,Log Management admin,Fully automated scheduled updates.,Internal Log Management to vCenter API (HTTPS port 443).,Username and password.,"vCenter event log collection, syslog target configuration, inventory discovery.",vCenter event logging streams.,Tier 2 inter-component. Read-only log collection scope.,/var/log/vmware/loginsight/audit.log,"user_login, user_logout",/var/log/vmware/loginsight/audit.log,Monitor for log collection connection drops or auth failures.,authentication.login; authentication.logout,No (platform-managed)
VCF-AUTO-SVC-001,Account,vcf-automation,VCF Automation,svc-vcfa_<vc_uid>,N/A,InterComponent,2,Inter-component service account created during vCenter integration for VCF Automation platform communication.,Programmatic interface identity object enforced natively over regular platform update scopes.,VCF Automation engine manages credential lifecycle.,VCF Automation admin,Fully automated native platform update scopes.,Internal VCF Automation to vCenter REST API (HTTPS port 443).,Username and password.,"vCenter inventory synchronization, cloud template provisioning, workload orchestration.",vCenter inventory objects managed by VCF Automation.,Tier 2 inter-component. Programmatic interface identity.,/var/log/vcf/automation/audit.log,"authentication.login, authentication.logout",/var/log/vcf/automation/audit.log,Monitor for provisioning authentication failures or unexpected template deployment requests.,authentication.login; authentication.logout,No (platform-managed)
